age,age_group,sex,region,urban_rural,education,income_pc,income_level,has_child,marital_class
19,18-24,Nữ,Bắc,Nông thôn,≤THPT,2249.4851415036615,low,0,0
24,18-24,Nữ,Bắc,Nông thôn,≤THPT,3769.524868359437,mid,0,0
31,30-35,Nữ,Nam,Đô thị,ĐH,1886.1179737759712,low,0,0
31,30-35,Nữ,Bắc,Đô thị,≤THPT,6487.2339403792585,high,0,0
23,18-24,Nữ,Nam,Đô thị,ĐH,2108.838233299537,low,0,0
30,30-35,Nam,Nam,Đô thị,≤THPT,4288.187092851814,high,0,1
20,18-24,Nữ,Trung,Nông thôn,ĐH,4366.469927119451,high,0,1
31,30-35,Nữ,Bắc,Đô thị,≤THPT,5580.826092478307,high,0,0
18,18-24,Nam,Nam,Nông thôn,>ĐH,2168.3914417516307,low,0,0
25,25-29,Nam,Nam,Đô thị,CĐ,1836.7141013572912,low,0,1
18,18-24,Nữ,Nam,Nông thôn,ĐH,2288.403654784516,low,0,0
25,25-29,Nam,Bắc,Đô thị,CĐ,1518.2576119543535,low,0,1
33,30-35,Nữ,Nam,Nông thôn,≤THPT,3213.5632392233965,mid,0,0
19,18-24,Nữ,Nam,Đô thị,>ĐH,8194.464737954679,high,0,0
34,30-35,Nam,Bắc,Đô thị,ĐH,1742.095027646678,low,0,0
24,18-24,Nam,Bắc,Đô thị,≤THPT,4220.598002243614,high,0,0
22,18-24,Nam,Nam,Đô thị,>ĐH,4755.395611069281,high,0,0
34,30-35,Nữ,Nam,Nông thôn,≤THPT,1520.9163336016666,low,1,0
35,30-35,Nam,Nam,Đô thị,≤THPT,3039.753950149196,mid,0,0
27,25-29,Nữ,Bắc,Nông thôn,≤THPT,4394.247169131456,high,0,0
33,30-35,Nam,Bắc,Đô thị,ĐH,1822.5256081681812,low,0,0
33,30-35,Nữ,Bắc,Nông thôn,≤THPT,3997.1712531150374,mid,0,0
27,25-29,Nam,Nam,Đô thị,ĐH,6624.1478935024115,high,0,1
24,18-24,Nữ,Nam,Nông thôn,≤THPT,2997.5828876405135,mid,0,0
26,25-29,Nam,Bắc,Nông thôn,≤THPT,2766.3457743428644,mid,0,0
18,18-24,Nữ,Trung,Đô thị,≤THPT,7046.940382854178,high,0,0
33,30-35,Nam,Bắc,Nông thôn,CĐ,2272.575896033964,low,0,1
21,18-24,Nam,Bắc,Đô thị,≤THPT,3216.3761276774717,mid,0,0
22,18-24,Nữ,Bắc,Nông thôn,CĐ,2365.321417757724,low,0,0
19,18-24,Nữ,Bắc,Nông thôn,CĐ,4320.7570793595305,high,0,1
23,18-24,Nữ,Bắc,Đô thị,CĐ,6369.425902725037,high,0,0
27,25-29,Nam,Nam,Nông thôn,ĐH,4144.379318231466,high,0,0
35,30-35,Nam,Bắc,Nông thôn,≤THPT,3671.379132024448,mid,1,1
20,18-24,Nam,Bắc,Nông thôn,>ĐH,1082.7067792295886,low,0,0
21,18-24,Nữ,Nam,Nông thôn,≤THPT,1804.9755312641284,low,0,0
21,18-24,Nam,Trung,Nông thôn,ĐH,2454.604047249713,mid,0,0
27,25-29,Nam,Trung,Nông thôn,CĐ,3140.862572754911,mid,0,1
24,18-24,Nam,Bắc,Nông thôn,≤THPT,4551.676422924309,high,0,0
18,18-24,Nữ,Bắc,Nông thôn,≤THPT,2266.7417730913,low,0,0
31,30-35,Nam,Nam,Đô thị,ĐH,6568.542776820674,high,0,0
23,18-24,Nữ,Bắc,Nông thôn,≤THPT,1971.5731159606835,low,0,0
33,30-35,Nữ,Bắc,Nông thôn,≤THPT,3833.2683369228293,mid,0,0
29,25-29,Nữ,Nam,Đô thị,≤THPT,1265.5695916133075,low,0,0
29,25-29,Nam,Bắc,Đô thị,≤THPT,4640.317332619524,high,0,0
30,30-35,Nam,Nam,Nông thôn,ĐH,3278.8362977165543,mid,0,0
32,30-35,Nữ,Trung,Đô thị,≤THPT,4261.665221724454,high,1,0
25,25-29,Nữ,Bắc,Nông thôn,>ĐH,2189.5978762841933,low,0,0
18,18-24,Nữ,Nam,Đô thị,≤THPT,2969.8499126506103,mid,0,0
25,25-29,Nữ,Bắc,Đô thị,≤THPT,1117.078410817901,low,0,0
20,18-24,Nữ,Bắc,Nông thôn,ĐH,3497.1737302550027,mid,0,0
22,18-24,Nam,Bắc,Đô thị,ĐH,5356.613890896059,high,0,1
18,18-24,Nữ,Trung,Nông thôn,≤THPT,4064.872184323947,high,0,0
19,18-24,Nữ,Trung,Đô thị,ĐH,4165.611526117445,high,0,0
20,18-24,Nam,Nam,Nông thôn,ĐH,4253.1640278010245,high,0,0
33,30-35,Nam,Bắc,Nông thôn,CĐ,7223.706573661268,high,0,1
18,18-24,Nam,Bắc,Đô thị,≤THPT,2287.124909112995,low,0,0
32,30-35,Nữ,Bắc,Đô thị,≤THPT,4902.071275272058,high,0,1
29,25-29,Nữ,Bắc,Nông thôn,ĐH,3495.758500398057,mid,0,0
19,18-24,Nam,Bắc,Đô thị,≤THPT,4221.157256007869,high,1,0
32,30-35,Nam,Nam,Nông thôn,>ĐH,3240.958168398612,mid,0,0
18,18-24,Nam,Bắc,Nông thôn,CĐ,2569.140726458225,mid,1,0
34,30-35,Nữ,Nam,Đô thị,≤THPT,1580.7506046060373,low,0,0
21,18-24,Nữ,Nam,Đô thị,≤THPT,11559.32063232044,high,0,0
20,18-24,Nữ,Nam,Nông thôn,ĐH,10599.919328819122,high,0,0
23,18-24,Nam,Bắc,Đô thị,ĐH,7698.099562156907,high,0,0
23,18-24,Nam,Trung,Đô thị,ĐH,10286.246562534168,high,0,0
32,30-35,Nam,Trung,Nông thôn,≤THPT,1876.6970591391405,low,0,1
25,25-29,Nữ,Bắc,Nông thôn,≤THPT,3585.589303231357,mid,0,0
30,30-35,Nữ,Trung,Đô thị,≤THPT,5508.746927574731,high,0,1
34,30-35,Nữ,Trung,Nông thôn,ĐH,3687.427248602044,mid,0,0
21,18-24,Nữ,Bắc,Nông thôn,≤THPT,3725.7121385539567,mid,0,0
19,18-24,Nam,Nam,Nông thôn,ĐH,5107.882294144748,high,0,0
23,18-24,Nam,Bắc,Đô thị,≤THPT,3407.0416270419596,mid,0,0
35,30-35,Nữ,Trung,Đô thị,CĐ,3560.621402345771,mid,0,0
20,18-24,Nam,Trung,Nông thôn,CĐ,4479.669901254548,high,0,0
31,30-35,Nữ,Nam,Đô thị,≤THPT,5725.345165349799,high,0,0
35,30-35,Nam,Bắc,Nông thôn,ĐH,4531.780439285056,high,0,0
21,18-24,Nữ,Bắc,Đô thị,≤THPT,4191.2034909754475,high,0,1
26,25-29,Nam,Nam,Nông thôn,ĐH,2563.4894491851,mid,0,0
21,18-24,Nam,Trung,Đô thị,ĐH,4545.170317276295,high,0,0
19,18-24,Nam,Bắc,Nông thôn,ĐH,3944.413429717621,mid,0,0
32,30-35,Nữ,Nam,Đô thị,ĐH,3501.51225711893,mid,0,0
22,18-24,Nam,Nam,Nông thôn,≤THPT,1007.2367052636512,low,0,0
24,18-24,Nam,Nam,Nông thôn,CĐ,1735.740573664096,low,0,0
20,18-24,Nam,Nam,Đô thị,CĐ,4717.308224302249,high,0,0
18,18-24,Nữ,Bắc,Nông thôn,≤THPT,1068.4126243908308,low,0,0
18,18-24,Nam,Nam,Nông thôn,CĐ,3179.327983799922,mid,0,0
30,30-35,Nam,Bắc,Nông thôn,ĐH,3638.682735674829,mid,0,1
26,25-29,Nữ,Bắc,Nông thôn,≤THPT,986.4246152650963,low,0,0
34,30-35,Nam,Bắc,Đô thị,ĐH,3378.2575843007235,mid,0,1
29,25-29,Nam,Bắc,Đô thị,ĐH,1694.6209463530442,low,0,0
19,18-24,Nữ,Nam,Nông thôn,>ĐH,1562.6226439251036,low,0,1
22,18-24,Nữ,Bắc,Đô thị,CĐ,6721.26864647341,high,0,0
28,25-29,Nữ,Bắc,Nông thôn,ĐH,6125.954148763816,high,0,0
35,30-35,Nam,Trung,Nông thôn,CĐ,2757.3511522135555,mid,1,1
24,18-24,Nam,Bắc,Đô thị,ĐH,6115.941371055063,high,0,0
28,25-29,Nữ,Nam,Nông thôn,ĐH,6480.219330000983,high,0,0
27,25-29,Nam,Nam,Nông thôn,ĐH,3373.6009461271938,mid,0,0
18,18-24,Nữ,Trung,Nông thôn,≤THPT,1119.2728454189325,low,0,0
25,25-29,Nữ,Bắc,Đô thị,CĐ,1872.0119262854134,low,0,0
18,18-24,Nam,Bắc,Đô thị,≤THPT,2214.499850514311,low,0,0
26,25-29,Nữ,Bắc,Nông thôn,≤THPT,2999.5021484782646,mid,1,1
34,30-35,Nữ,Bắc,Nông thôn,ĐH,2589.2268297400105,mid,0,0
25,25-29,Nam,Trung,Đô thị,ĐH,3506.8386829168207,mid,1,0
23,18-24,Nam,Nam,Nông thôn,≤THPT,5732.391561052333,high,0,0
34,30-35,Nam,Nam,Đô thị,CĐ,3532.6372552718426,mid,0,0
24,18-24,Nữ,Bắc,Nông thôn,ĐH,1040.0342945035407,low,0,0
28,25-29,Nữ,Trung,Đô thị,≤THPT,5024.919620000181,high,0,0
26,25-29,Nữ,Bắc,Nông thôn,CĐ,4200.73163816894,high,0,0
18,18-24,Nam,Bắc,Nông thôn,CĐ,3060.1620091779882,mid,0,1
18,18-24,Nữ,Bắc,Nông thôn,≤THPT,2322.1553155730026,low,0,0
24,18-24,Nam,Trung,Nông thôn,>ĐH,6425.448373936955,high,0,0
33,30-35,Nữ,Nam,Nông thôn,ĐH,2552.346968450927,mid,0,0
35,30-35,Nam,Bắc,Đô thị,ĐH,4037.463349550379,high,0,0
27,25-29,Nam,Nam,Đô thị,ĐH,3278.494610056462,mid,0,0
35,30-35,Nam,Nam,Đô thị,CĐ,2435.5358896304174,mid,0,0
31,30-35,Nam,Bắc,Đô thị,ĐH,2590.007046789163,mid,0,0
32,30-35,Nam,Bắc,Nông thôn,≤THPT,1491.7576717455672,low,0,0
21,18-24,Nam,Bắc,Đô thị,ĐH,9918.741943446299,high,0,0
31,30-35,Nam,Nam,Nông thôn,>ĐH,5932.947041894637,high,0,0
22,18-24,Nữ,Bắc,Nông thôn,ĐH,5365.079553800359,high,0,0
19,18-24,Nữ,Nam,Nông thôn,CĐ,4439.6343267170105,high,0,0
31,30-35,Nam,Nam,Đô thị,CĐ,1660.6675454844303,low,0,0
18,18-24,Nữ,Bắc,Đô thị,CĐ,14293.042573086961,high,0,1
29,25-29,Nữ,Nam,Nông thôn,ĐH,6631.066289219302,high,0,0
26,25-29,Nữ,Nam,Nông thôn,≤THPT,3227.1261829282375,mid,0,1
22,18-24,Nữ,Bắc,Đô thị,≤THPT,5324.899135336631,high,0,0
22,18-24,Nam,Nam,Đô thị,CĐ,8692.782677717789,high,0,0
22,18-24,Nữ,Nam,Nông thôn,ĐH,3370.731970417377,mid,0,0
32,30-35,Nam,Bắc,Nông thôn,≤THPT,2934.0892183446617,mid,0,1
19,18-24,Nam,Bắc,Đô thị,ĐH,3110.1652134568576,mid,0,1
35,30-35,Nam,Nam,Nông thôn,CĐ,2199.0195923044016,low,0,1
31,30-35,Nữ,Nam,Đô thị,ĐH,5223.976598927515,high,0,0
24,18-24,Nữ,Nam,Đô thị,CĐ,2300.278636835131,low,0,0
24,18-24,Nữ,Bắc,Nông thôn,>ĐH,1983.2673986105908,low,1,0
30,30-35,Nữ,Nam,Đô thị,≤THPT,6525.220564742563,high,0,0
27,25-29,Nữ,Nam,Nông thôn,CĐ,1245.6584359571368,low,0,0
26,25-29,Nam,Nam,Đô thị,ĐH,2165.237404912404,low,1,1
31,30-35,Nam,Bắc,Nông thôn,≤THPT,2249.542581800002,low,1,0
22,18-24,Nam,Bắc,Đô thị,ĐH,3175.0867725840185,mid,0,0
31,30-35,Nam,Trung,Đô thị,ĐH,3289.613363237526,mid,0,0
29,25-29,Nam,Nam,Đô thị,CĐ,5952.500745309661,high,0,0
31,30-35,Nữ,Nam,Đô thị,≤THPT,2608.934035685873,mid,0,0
20,18-24,Nam,Bắc,Nông thôn,≤THPT,1871.39006351691,low,0,0
34,30-35,Nam,Bắc,Nông thôn,ĐH,4135.642794589438,high,0,0
31,30-35,Nữ,Nam,Nông thôn,ĐH,9060.4175827747,high,0,0
31,30-35,Nam,Bắc,Nông thôn,ĐH,3953.9581810109357,mid,0,1
35,30-35,Nữ,Bắc,Nông thôn,CĐ,5735.897202624874,high,1,0
25,25-29,Nữ,Nam,Đô thị,≤THPT,1917.5225812978947,low,0,0
34,30-35,Nữ,Bắc,Nông thôn,ĐH,6923.046672750992,high,0,0
32,30-35,Nam,Bắc,Đô thị,≤THPT,3463.3699348853297,mid,0,1
31,30-35,Nam,Bắc,Nông thôn,≤THPT,2300.851901819451,low,0,0
26,25-29,Nữ,Trung,Nông thôn,ĐH,7865.407996340123,high,1,0
33,30-35,Nam,Bắc,Đô thị,CĐ,3490.8345711560237,mid,0,0
25,25-29,Nam,Trung,Nông thôn,CĐ,4475.8571099933215,high,0,0
33,30-35,Nam,Bắc,Đô thị,≤THPT,2108.0965300792154,low,1,0
18,18-24,Nam,Nam,Đô thị,≤THPT,4233.399382037276,high,0,0
22,18-24,Nữ,Bắc,Nông thôn,CĐ,5050.219650769649,high,0,0
25,25-29,Nữ,Nam,Đô thị,CĐ,3465.9841524283643,mid,0,0
33,30-35,Nữ,Nam,Đô thị,≤THPT,2920.144793241919,mid,0,0
25,25-29,Nữ,Nam,Nông thôn,CĐ,1850.2984340280805,low,0,0
29,25-29,Nam,Bắc,Đô thị,≤THPT,3069.129191346642,mid,0,0
32,30-35,Nữ,Bắc,Nông thôn,≤THPT,1910.507643636308,low,0,0
32,30-35,Nam,Trung,Đô thị,≤THPT,2060.4761157813437,low,0,1
27,25-29,Nam,Nam,Đô thị,CĐ,3155.3210299230122,mid,0,0
21,18-24,Nam,Trung,Nông thôn,ĐH,7403.304363327975,high,0,0
32,30-35,Nam,Bắc,Nông thôn,≤THPT,2654.9837125455983,mid,0,0
26,25-29,Nam,Nam,Đô thị,ĐH,4491.32034730434,high,0,0
20,18-24,Nam,Trung,Đô thị,≤THPT,3255.2578035909623,mid,0,0
30,30-35,Nữ,Trung,Đô thị,CĐ,5908.975506920044,high,0,0
35,30-35,Nam,Bắc,Đô thị,≤THPT,2484.3580089615884,mid,0,1
26,25-29,Nữ,Nam,Nông thôn,CĐ,6506.420168353462,high,0,0
33,30-35,Nữ,Nam,Nông thôn,≤THPT,2456.150902513452,mid,0,0
34,30-35,Nam,Bắc,Nông thôn,>ĐH,7441.315458026383,high,1,0
22,18-24,Nữ,Nam,Nông thôn,≤THPT,4326.163142544859,high,1,0
31,30-35,Nam,Nam,Nông thôn,>ĐH,4910.132733207001,high,0,0
21,18-24,Nữ,Bắc,Đô thị,≤THPT,1528.153325153737,low,0,0
31,30-35,Nữ,Trung,Nông thôn,≤THPT,2253.490637035103,low,1,0
31,30-35,Nữ,Nam,Nông thôn,CĐ,1960.8909374124855,low,0,0
32,30-35,Nữ,Nam,Đô thị,≤THPT,1582.748547061066,low,0,1
27,25-29,Nam,Nam,Nông thôn,≤THPT,4616.6033323701395,high,0,0
33,30-35,Nữ,Nam,Đô thị,≤THPT,3178.893888210881,mid,0,1
27,25-29,Nam,Nam,Đô thị,≤THPT,5325.698992218004,high,0,1
27,25-29,Nữ,Bắc,Nông thôn,ĐH,1457.5539971738565,low,0,0
19,18-24,Nữ,Bắc,Đô thị,≤THPT,3229.7385193223836,mid,0,0
19,18-24,Nữ,Trung,Đô thị,≤THPT,2330.0739253553365,low,0,0
24,18-24,Nam,Bắc,Nông thôn,ĐH,2176.4452137682547,low,0,0
24,18-24,Nữ,Bắc,Nông thôn,≤THPT,5742.877244811376,high,0,0
27,25-29,Nữ,Nam,Nông thôn,CĐ,1626.8153559476907,low,0,0
22,18-24,Nữ,Nam,Nông thôn,CĐ,1173.7250493933657,low,0,0
28,25-29,Nữ,Nam,Nông thôn,CĐ,3169.540835822205,mid,0,0
30,30-35,Nam,Bắc,Đô thị,≤THPT,3715.700939337782,mid,0,0
23,18-24,Nữ,Bắc,Đô thị,ĐH,8139.5531702441185,high,0,0
25,25-29,Nữ,Bắc,Nông thôn,≤THPT,1398.4202277399913,low,0,1
35,30-35,Nữ,Bắc,Đô thị,ĐH,6650.006427249504,high,1,0
34,30-35,Nữ,Nam,Đô thị,>ĐH,4373.743890924463,high,0,0
28,25-29,Nam,Nam,Nông thôn,ĐH,3836.3978119245166,mid,0,0
29,25-29,Nữ,Nam,Nông thôn,≤THPT,2709.043128545133,mid,0,0
35,30-35,Nữ,Nam,Nông thôn,≤THPT,1402.9713189160125,low,0,0
25,25-29,Nam,Trung,Nông thôn,≤THPT,5678.3136929381435,high,0,0
32,30-35,Nam,Bắc,Nông thôn,≤THPT,1076.053615074902,low,0,0
31,30-35,Nữ,Bắc,Nông thôn,ĐH,3671.3689268486933,mid,0,1
18,18-24,Nam,Nam,Đô thị,≤THPT,1527.160535566338,low,0,0
23,18-24,Nam,Nam,Nông thôn,ĐH,2868.1672227385725,mid,0,0
23,18-24,Nữ,Bắc,Đô thị,≤THPT,1128.4826437867582,low,0,0
27,25-29,Nữ,Nam,Đô thị,ĐH,1821.291504251584,low,0,0
18,18-24,Nữ,Bắc,Đô thị,CĐ,7075.647797653681,high,0,0
32,30-35,Nữ,Nam,Đô thị,CĐ,3176.527877133231,mid,0,1
18,18-24,Nữ,Bắc,Đô thị,ĐH,4802.264437387994,high,0,0
26,25-29,Nam,Trung,Đô thị,≤THPT,1426.7943372441043,low,0,0
20,18-24,Nam,Trung,Nông thôn,≤THPT,2991.7046689365357,mid,0,0
22,18-24,Nam,Nam,Nông thôn,ĐH,11637.855230280213,high,0,0
31,30-35,Nữ,Bắc,Đô thị,ĐH,1890.4520316561056,low,0,1
31,30-35,Nam,Nam,Nông thôn,≤THPT,1675.7773417945195,low,0,0
32,30-35,Nam,Nam,Đô thị,CĐ,5229.247112271579,high,0,0
32,30-35,Nữ,Nam,Nông thôn,CĐ,2332.9771579635326,low,0,0
35,30-35,Nữ,Nam,Nông thôn,≤THPT,3917.707950592347,mid,0,1
31,30-35,Nam,Bắc,Đô thị,≤THPT,1242.6481155542283,low,0,0
29,25-29,Nữ,Bắc,Đô thị,ĐH,5990.659257135023,high,0,0
20,18-24,Nam,Nam,Đô thị,CĐ,3883.848768596287,mid,0,0
28,25-29,Nam,Bắc,Nông thôn,≤THPT,7074.262018766336,high,0,0
19,18-24,Nam,Nam,Nông thôn,CĐ,1457.104536196099,low,0,0
24,18-24,Nữ,Nam,Đô thị,ĐH,5651.326722072412,high,0,0
18,18-24,Nam,Nam,Đô thị,≤THPT,5396.703506218528,high,0,0
28,25-29,Nữ,Bắc,Nông thôn,CĐ,5324.194890696347,high,0,1
27,25-29,Nam,Bắc,Nông thôn,ĐH,2169.500985476919,low,0,0
35,30-35,Nam,Bắc,Nông thôn,≤THPT,2518.4260917308256,mid,0,1
32,30-35,Nữ,Nam,Nông thôn,≤THPT,5382.61650736863,high,0,0
32,30-35,Nữ,Trung,Đô thị,≤THPT,1854.1018267541028,low,0,0
28,25-29,Nam,Trung,Đô thị,≤THPT,7356.609348808994,high,0,1
23,18-24,Nữ,Bắc,Đô thị,ĐH,4455.8514021783185,high,0,0
25,25-29,Nữ,Nam,Đô thị,≤THPT,2556.242408659653,mid,0,0
28,25-29,Nam,Bắc,Nông thôn,≤THPT,3198.4731066645572,mid,0,0
19,18-24,Nữ,Nam,Đô thị,≤THPT,3122.780330296561,mid,0,0
19,18-24,Nữ,Nam,Đô thị,≤THPT,3408.2223141344675,mid,0,0
27,25-29,Nữ,Bắc,Đô thị,≤THPT,5930.351562877166,high,0,1
24,18-24,Nữ,Nam,Nông thôn,≤THPT,1099.1023203890174,low,0,0
26,25-29,Nữ,Bắc,Nông thôn,ĐH,2567.3568164439016,mid,0,1
21,18-24,Nữ,Bắc,Đô thị,≤THPT,5288.080396264904,high,0,0
18,18-24,Nam,Bắc,Nông thôn,CĐ,1371.628084286722,low,0,0
23,18-24,Nam,Nam,Đô thị,CĐ,2577.1715132801605,mid,0,0
23,18-24,Nữ,Nam,Nông thôn,CĐ,4900.692935594784,high,0,1
28,25-29,Nam,Bắc,Đô thị,ĐH,5784.192571824615,high,0,0
23,18-24,Nữ,Bắc,Đô thị,ĐH,1238.617441601266,low,0,0
19,18-24,Nam,Nam,Đô thị,>ĐH,10317.550694720981,high,0,0
21,18-24,Nam,Nam,Nông thôn,CĐ,2624.5691900527554,mid,0,1
18,18-24,Nam,Bắc,Đô thị,≤THPT,4601.6385103403745,high,0,0
34,30-35,Nam,Bắc,Đô thị,>ĐH,4594.608610163935,high,0,0
29,25-29,Nữ,Nam,Đô thị,ĐH,3269.575732977073,mid,0,0
18,18-24,Nam,Trung,Đô thị,ĐH,1958.590360554068,low,0,0
30,30-35,Nữ,Bắc,Nông thôn,ĐH,2808.5753985854744,mid,0,0
20,18-24,Nữ,Nam,Đô thị,≤THPT,2925.593405736121,mid,0,0
29,25-29,Nam,Bắc,Đô thị,ĐH,4312.420836195426,high,0,0
35,30-35,Nam,Trung,Nông thôn,ĐH,2428.773165518798,low,0,0
28,25-29,Nam,Bắc,Nông thôn,≤THPT,2405.196124603083,low,0,1
34,30-35,Nữ,Nam,Đô thị,CĐ,3952.2413342211726,mid,0,0
23,18-24,Nam,Nam,Đô thị,CĐ,3244.0694160810135,mid,0,0
18,18-24,Nam,Nam,Nông thôn,≤THPT,3917.0891982674443,mid,0,1
28,25-29,Nam,Nam,Đô thị,≤THPT,5064.766068742426,high,0,1
29,25-29,Nam,Bắc,Đô thị,≤THPT,2433.0070332689215,mid,0,0
30,30-35,Nam,Nam,Đô thị,≤THPT,3601.9740805832926,mid,0,1
26,25-29,Nam,Bắc,Đô thị,CĐ,2445.0003437077066,mid,0,0
18,18-24,Nam,Bắc,Đô thị,ĐH,1418.9846473283878,low,0,0
30,30-35,Nam,Nam,Nông thôn,≤THPT,1407.195033182238,low,0,0
21,18-24,Nữ,Nam,Nông thôn,≤THPT,1471.888906145605,low,0,0
24,18-24,Nữ,Bắc,Đô thị,ĐH,3925.6935211911677,mid,0,0
22,18-24,Nam,Nam,Đô thị,ĐH,1076.7803100218505,low,0,0
31,30-35,Nữ,Bắc,Đô thị,CĐ,4111.252590379862,high,0,1
26,25-29,Nữ,Nam,Nông thôn,≤THPT,1160.879040851214,low,0,0
21,18-24,Nam,Bắc,Đô thị,≤THPT,2664.3137091485282,mid,0,0
35,30-35,Nữ,Bắc,Nông thôn,≤THPT,996.542188200654,low,1,0
31,30-35,Nữ,Bắc,Nông thôn,≤THPT,4683.624568004731,high,0,0
21,18-24,Nam,Nam,Nông thôn,ĐH,5001.001404817685,high,0,0
21,18-24,Nam,Bắc,Nông thôn,≤THPT,4125.392953200868,high,0,0
25,25-29,Nữ,Bắc,Đô thị,≤THPT,2676.2490498245356,mid,0,0
27,25-29,Nữ,Nam,Nông thôn,≤THPT,2606.156231910345,mid,0,0
32,30-35,Nữ,Bắc,Nông thôn,ĐH,2438.524077996516,mid,1,0
22,18-24,Nữ,Bắc,Đô thị,≤THPT,6767.082106671244,high,0,0
28,25-29,Nam,Nam,Đô thị,≤THPT,2443.0876557043157,mid,0,0
28,25-29,Nam,Bắc,Đô thị,≤THPT,643.1246596325899,low,0,1
30,30-35,Nữ,Nam,Đô thị,≤THPT,3471.498592939866,mid,0,1
34,30-35,Nữ,Trung,Đô thị,ĐH,9796.030813905687,high,0,0
22,18-24,Nữ,Trung,Đô thị,≤THPT,6586.70255778443,high,0,0
30,30-35,Nữ,Trung,Nông thôn,≤THPT,10097.680855768971,high,0,0
31,30-35,Nam,Nam,Đô thị,≤THPT,3376.6072368596124,mid,0,0
24,18-24,Nữ,Bắc,Nông thôn,CĐ,1804.9906440695222,low,0,1
26,25-29,Nam,Bắc,Nông thôn,ĐH,3820.8820979199145,mid,0,0
22,18-24,Nam,Bắc,Đô thị,CĐ,2422.574637203731,low,0,0
28,25-29,Nam,Nam,Nông thôn,ĐH,4429.023495024187,high,0,0
23,18-24,Nam,Nam,Nông thôn,ĐH,2102.4803738272085,low,0,1
21,18-24,Nữ,Nam,Nông thôn,>ĐH,2130.6125510278516,low,0,0
24,18-24,Nam,Bắc,Nông thôn,ĐH,5326.248930178866,high,0,0
21,18-24,Nữ,Bắc,Đô thị,ĐH,9362.997496386228,high,0,0
31,30-35,Nam,Nam,Nông thôn,ĐH,3694.8727085833107,mid,1,0
30,30-35,Nữ,Bắc,Đô thị,ĐH,5402.42408549406,high,0,1
29,25-29,Nữ,Nam,Đô thị,ĐH,6371.62800748513,high,0,0
19,18-24,Nam,Nam,Nông thôn,CĐ,1156.9588182893042,low,0,0
28,25-29,Nữ,Bắc,Nông thôn,CĐ,5234.876649726527,high,0,0
33,30-35,Nam,Trung,Đô thị,ĐH,10950.573861209175,high,0,0
33,30-35,Nam,Bắc,Đô thị,≤THPT,2357.2413112430804,low,0,0
27,25-29,Nam,Bắc,Nông thôn,>ĐH,4047.400817323765,high,0,0
27,25-29,Nam,Bắc,Nông thôn,CĐ,1487.3003483252626,low,0,1
21,18-24,Nam,Nam,Nông thôn,≤THPT,2960.285892833966,mid,0,1
24,18-24,Nữ,Trung,Đô thị,CĐ,3324.784761722209,mid,0,0
34,30-35,Nữ,Bắc,Nông thôn,≤THPT,2263.018547035143,low,0,0
26,25-29,Nữ,Trung,Đô thị,≤THPT,1399.7405560103077,low,0,0
18,18-24,Nữ,Nam,Đô thị,ĐH,4179.469015812752,high,0,0
24,18-24,Nữ,Nam,Đô thị,CĐ,2388.451944017781,low,0,0
20,18-24,Nữ,Nam,Đô thị,ĐH,2649.647722052755,mid,0,0
22,18-24,Nam,Bắc,Đô thị,≤THPT,2497.685934390821,mid,0,0
34,30-35,Nữ,Bắc,Đô thị,≤THPT,2294.573455182928,low,0,0
35,30-35,Nữ,Nam,Nông thôn,≤THPT,3357.7692897758316,mid,0,0
20,18-24,Nam,Trung,Nông thôn,≤THPT,748.7736736113517,low,0,0
18,18-24,Nữ,Trung,Nông thôn,≤THPT,4554.594493429402,high,0,0
30,30-35,Nữ,Nam,Nông thôn,≤THPT,2333.4548542727857,low,0,0
25,25-29,Nam,Nam,Nông thôn,≤THPT,3180.4836039819074,mid,0,0
21,18-24,Nữ,Bắc,Nông thôn,ĐH,5899.467172359948,high,0,0
28,25-29,Nữ,Trung,Đô thị,≤THPT,1411.8827680789743,low,0,0
30,30-35,Nam,Nam,Đô thị,≤THPT,3796.6139390964568,mid,0,0
35,30-35,Nam,Bắc,Đô thị,≤THPT,9211.11615841706,high,1,0
23,18-24,Nam,Bắc,Nông thôn,CĐ,1068.8403895998003,low,0,0
22,18-24,Nam,Bắc,Nông thôn,≤THPT,4429.906991842268,high,0,1
25,25-29,Nữ,Nam,Đô thị,CĐ,3949.9365376427527,mid,0,0
27,25-29,Nam,Bắc,Nông thôn,CĐ,4308.560229126297,high,0,1
30,30-35,Nam,Trung,Đô thị,ĐH,5008.258366130211,high,0,0
28,25-29,Nữ,Trung,Nông thôn,CĐ,4470.642388290015,high,0,1
21,18-24,Nữ,Nam,Nông thôn,ĐH,2088.154251566294,low,0,0
25,25-29,Nam,Bắc,Nông thôn,ĐH,1624.2783344101235,low,0,1
18,18-24,Nữ,Bắc,Nông thôn,≤THPT,2231.5380339982744,low,0,0
29,25-29,Nữ,Trung,Đô thị,>ĐH,2893.280879038394,mid,1,0
23,18-24,Nam,Nam,Nông thôn,≤THPT,1353.1228363162172,low,0,0
23,18-24,Nữ,Bắc,Nông thôn,≤THPT,2330.2933584422976,low,0,0
33,30-35,Nữ,Bắc,Nông thôn,≤THPT,2263.6533334311675,low,1,0
35,30-35,Nam,Nam,Đô thị,≤THPT,4004.0785099086097,mid,0,0
18,18-24,Nam,Nam,Đô thị,ĐH,1595.2546364271172,low,0,0
19,18-24,Nam,Bắc,Nông thôn,CĐ,2404.065961285032,low,0,1
31,30-35,Nữ,Bắc,Đô thị,≤THPT,1696.3964525508281,low,0,0
35,30-35,Nam,Bắc,Nông thôn,CĐ,1701.8552874689944,low,0,0
33,30-35,Nam,Trung,Đô thị,ĐH,1843.785569522896,low,1,1
27,25-29,Nam,Bắc,Nông thôn,≤THPT,2591.0843183175148,mid,0,0
18,18-24,Nữ,Bắc,Nông thôn,≤THPT,1490.6249990306753,low,0,0
27,25-29,Nam,Nam,Đô thị,≤THPT,6257.892058223075,high,0,0
19,18-24,Nữ,Bắc,Đô thị,CĐ,2507.387793238992,mid,0,0
29,25-29,Nữ,Bắc,Đô thị,≤THPT,3528.126647993619,mid,0,0
35,30-35,Nữ,Nam,Nông thôn,≤THPT,3374.867110741824,mid,0,0
31,30-35,Nam,Bắc,Đô thị,CĐ,26560.45628012818,high,0,0
31,30-35,Nữ,Nam,Nông thôn,ĐH,2497.9475942195522,mid,0,0
24,18-24,Nam,Bắc,Đô thị,≤THPT,3320.0459752538777,mid,0,0
29,25-29,Nam,Bắc,Đô thị,≤THPT,3680.265549222358,mid,1,0
20,18-24,Nữ,Nam,Đô thị,≤THPT,4499.647372687631,high,0,0
21,18-24,Nữ,Nam,Đô thị,≤THPT,1961.1132445823189,low,0,0
27,25-29,Nữ,Nam,Nông thôn,>ĐH,4095.5713608108567,high,1,0
23,18-24,Nam,Bắc,Đô thị,≤THPT,8257.74558840769,high,0,0
26,25-29,Nữ,Trung,Đô thị,≤THPT,3576.8846441971596,mid,0,0
20,18-24,Nữ,Nam,Nông thôn,ĐH,3934.072684143202,mid,0,0
34,30-35,Nam,Trung,Đô thị,≤THPT,3469.594190430894,mid,0,0
18,18-24,Nam,Trung,Nông thôn,ĐH,7695.732306509258,high,0,0
28,25-29,Nữ,Nam,Đô thị,CĐ,2827.0076401548445,mid,0,0
23,18-24,Nam,Bắc,Nông thôn,ĐH,5535.159149369502,high,0,0
23,18-24,Nam,Bắc,Nông thôn,≤THPT,9357.10581896777,high,0,0
32,30-35,Nam,Bắc,Nông thôn,≤THPT,3047.7845265135206,mid,0,0
25,25-29,Nữ,Bắc,Đô thị,≤THPT,3265.0690851695235,mid,0,0
26,25-29,Nam,Bắc,Đô thị,>ĐH,2600.618391799454,mid,0,0
33,30-35,Nữ,Bắc,Nông thôn,ĐH,4304.227044499694,high,0,0
19,18-24,Nữ,Nam,Đô thị,≤THPT,3885.105175147421,mid,0,0
21,18-24,Nữ,Nam,Nông thôn,ĐH,7084.7913761850605,high,0,0
26,25-29,Nam,Bắc,Nông thôn,ĐH,4158.409327028691,high,0,0
22,18-24,Nữ,Nam,Đô thị,≤THPT,3488.843996142894,mid,0,0
18,18-24,Nam,Trung,Đô thị,ĐH,10911.491121500427,high,0,0
33,30-35,Nữ,Bắc,Đô thị,≤THPT,4412.387114700648,high,0,1
32,30-35,Nam,Bắc,Đô thị,≤THPT,2893.507512190721,mid,0,0
28,25-29,Nữ,Trung,Đô thị,>ĐH,3923.9960761390985,mid,0,0
21,18-24,Nữ,Trung,Đô thị,ĐH,2613.2488810574173,mid,0,0
23,18-24,Nam,Trung,Đô thị,≤THPT,4572.875406206769,high,0,0
34,30-35,Nữ,Nam,Đô thị,≤THPT,7006.083645110115,high,0,1
35,30-35,Nam,Nam,Nông thôn,≤THPT,2007.065445647395,low,1,0
21,18-24,Nữ,Nam,Đô thị,CĐ,2177.5097080657806,low,0,0
27,25-29,Nam,Bắc,Nông thôn,>ĐH,2515.1962880699125,mid,0,0
33,30-35,Nữ,Trung,Nông thôn,CĐ,2186.5197086201138,low,0,0
22,18-24,Nữ,Nam,Nông thôn,CĐ,4115.9083766887525,high,0,0
33,30-35,Nữ,Nam,Đô thị,ĐH,7171.32880465137,high,0,0
27,25-29,Nam,Nam,Đô thị,≤THPT,9496.453717339476,high,0,0
19,18-24,Nữ,Bắc,Đô thị,CĐ,4103.625306230703,high,0,0
26,25-29,Nam,Bắc,Nông thôn,ĐH,5729.799236796457,high,0,0
26,25-29,Nữ,Trung,Nông thôn,≤THPT,2720.662357078487,mid,0,1
32,30-35,Nam,Nam,Nông thôn,≤THPT,2148.766192516665,low,1,1
29,25-29,Nam,Bắc,Nông thôn,CĐ,1408.7866451553643,low,0,0
18,18-24,Nam,Nam,Nông thôn,≤THPT,2487.1337912786985,mid,0,0
20,18-24,Nữ,Nam,Nông thôn,≤THPT,1945.3382754612971,low,0,0
28,25-29,Nam,Nam,Đô thị,CĐ,3257.246301780298,mid,0,0
30,30-35,Nam,Bắc,Nông thôn,≤THPT,2337.5207741176487,low,1,0
24,18-24,Nam,Trung,Đô thị,ĐH,5598.2166886859,high,0,0
24,18-24,Nữ,Trung,Nông thôn,ĐH,2635.1295850351107,mid,0,0
27,25-29,Nữ,Nam,Nông thôn,≤THPT,5158.144117142231,high,0,1
35,30-35,Nữ,Bắc,Đô thị,ĐH,2973.942245482933,mid,0,1
28,25-29,Nữ,Nam,Đô thị,ĐH,3384.4125266768715,mid,0,0
35,30-35,Nam,Bắc,Nông thôn,ĐH,5589.323345088821,high,0,0
19,18-24,Nữ,Bắc,Nông thôn,ĐH,5009.7258762242745,high,0,1
19,18-24,Nam,Bắc,Nông thôn,≤THPT,1533.442517818892,low,0,0
23,18-24,Nữ,Trung,Nông thôn,≤THPT,3503.4422377108413,mid,0,0
31,30-35,Nam,Nam,Đô thị,ĐH,4238.517880273384,high,0,0
24,18-24,Nam,Bắc,Nông thôn,≤THPT,1537.1175417660738,low,0,0
26,25-29,Nam,Bắc,Nông thôn,ĐH,860.6450406907201,low,0,0
25,25-29,Nữ,Trung,Nông thôn,ĐH,1525.3651507085453,low,0,0
20,18-24,Nam,Trung,Đô thị,CĐ,3392.752720613623,mid,0,0
24,18-24,Nam,Trung,Nông thôn,≤THPT,2120.656149938417,low,0,0
18,18-24,Nữ,Trung,Nông thôn,≤THPT,2393.6320231966993,low,0,0
21,18-24,Nữ,Nam,Đô thị,CĐ,12465.62487562763,high,0,0
31,30-35,Nam,Nam,Đô thị,ĐH,5984.881227642699,high,0,0
25,25-29,Nam,Bắc,Nông thôn,ĐH,8142.509094399458,high,0,0
28,25-29,Nữ,Bắc,Nông thôn,CĐ,5429.233755630613,high,0,0
24,18-24,Nam,Bắc,Nông thôn,ĐH,3326.899558637575,mid,0,0
23,18-24,Nữ,Bắc,Nông thôn,≤THPT,1098.2450510903589,low,0,0
31,30-35,Nam,Bắc,Nông thôn,ĐH,4311.432273461222,high,0,0
35,30-35,Nữ,Bắc,Đô thị,≤THPT,6617.772549133086,high,1,0
20,18-24,Nữ,Nam,Đô thị,≤THPT,849.9002624027397,low,0,0
20,18-24,Nam,Bắc,Đô thị,≤THPT,3572.055996359508,mid,0,0
28,25-29,Nữ,Bắc,Đô thị,≤THPT,4657.513804404257,high,0,0
29,25-29,Nam,Trung,Nông thôn,≤THPT,1509.9030797802961,low,0,1
32,30-35,Nữ,Trung,Nông thôn,ĐH,5514.418604365747,high,0,0
28,25-29,Nữ,Bắc,Nông thôn,≤THPT,1312.4076613740601,low,0,0
21,18-24,Nam,Nam,Đô thị,ĐH,3424.743161924905,mid,0,0
27,25-29,Nữ,Bắc,Đô thị,ĐH,2106.090817748776,low,0,0
30,30-35,Nữ,Nam,Nông thôn,ĐH,2765.2517897345774,mid,0,1
20,18-24,Nam,Trung,Đô thị,ĐH,1669.40287528932,low,0,0
31,30-35,Nam,Trung,Nông thôn,≤THPT,4513.479992797221,high,0,0
18,18-24,Nữ,Nam,Nông thôn,CĐ,4038.4385186298623,high,0,0
34,30-35,Nữ,Bắc,Nông thôn,≤THPT,4240.9166762412315,high,0,1
19,18-24,Nam,Bắc,Đô thị,>ĐH,4690.1416632567525,high,0,0
19,18-24,Nữ,Bắc,Nông thôn,ĐH,1329.1173399732138,low,0,0
34,30-35,Nam,Bắc,Đô thị,≤THPT,1749.7801802724994,low,1,0
34,30-35,Nữ,Nam,Đô thị,≤THPT,3315.5694593828866,mid,0,0
34,30-35,Nữ,Bắc,Nông thôn,ĐH,2340.886167262132,low,0,0
30,30-35,Nữ,Bắc,Đô thị,≤THPT,828.5841300441751,low,0,0
35,30-35,Nam,Bắc,Đô thị,>ĐH,8897.64739357006,high,0,0
29,25-29,Nam,Nam,Nông thôn,≤THPT,2929.1618820955155,mid,1,0
22,18-24,Nữ,Bắc,Nông thôn,≤THPT,3822.918691543642,mid,0,0
22,18-24,Nữ,Nam,Nông thôn,≤THPT,2232.5044977868533,low,1,1
32,30-35,Nam,Nam,Nông thôn,≤THPT,3253.6724122013143,mid,0,1
22,18-24,Nam,Trung,Nông thôn,≤THPT,2166.6346546142026,low,0,0
21,18-24,Nam,Bắc,Đô thị,≤THPT,3845.148086183571,mid,0,0
30,30-35,Nữ,Nam,Đô thị,≤THPT,3423.952939210507,mid,0,0
26,25-29,Nữ,Trung,Nông thôn,ĐH,1448.9427865427167,low,0,1
22,18-24,Nữ,Trung,Đô thị,≤THPT,1624.2466320268206,low,0,1
33,30-35,Nữ,Nam,Đô thị,CĐ,2099.783419235235,low,0,0
35,30-35,Nam,Bắc,Đô thị,ĐH,4618.219019679056,high,0,0
20,18-24,Nam,Bắc,Đô thị,≤THPT,2703.0256536495926,mid,0,0
19,18-24,Nam,Nam,Đô thị,CĐ,1075.8459365612096,low,0,0
23,18-24,Nam,Trung,Đô thị,≤THPT,2252.471881804769,low,0,0
28,25-29,Nữ,Trung,Nông thôn,ĐH,2116.420271110954,low,0,0
27,25-29,Nam,Nam,Nông thôn,CĐ,2972.229134063269,mid,0,0
23,18-24,Nam,Trung,Nông thôn,≤THPT,4551.902595010512,high,0,1
24,18-24,Nữ,Nam,Nông thôn,CĐ,3760.615871397465,mid,0,0
34,30-35,Nữ,Bắc,Đô thị,≤THPT,1392.959999399436,low,0,0
19,18-24,Nam,Bắc,Nông thôn,≤THPT,882.7586045001505,low,0,0
24,18-24,Nam,Nam,Nông thôn,>ĐH,5391.998275793283,high,0,0
34,30-35,Nữ,Nam,Nông thôn,ĐH,5340.0138407769155,high,0,0
27,25-29,Nữ,Bắc,Nông thôn,≤THPT,4719.20735259314,high,0,0
21,18-24,Nam,Bắc,Đô thị,≤THPT,2958.8165983782715,mid,0,1
30,30-35,Nữ,Trung,Đô thị,CĐ,2010.052890958325,low,0,1
29,25-29,Nam,Bắc,Nông thôn,ĐH,5820.374059070758,high,0,1
26,25-29,Nữ,Bắc,Nông thôn,ĐH,1615.207295158428,low,0,1
19,18-24,Nữ,Nam,Đô thị,CĐ,1322.2095911331048,low,0,0
32,30-35,Nữ,Bắc,Nông thôn,≤THPT,8310.359384264539,high,0,1
27,25-29,Nữ,Trung,Đô thị,CĐ,3448.883514881053,mid,0,1
19,18-24,Nữ,Bắc,Nông thôn,≤THPT,4559.677351577108,high,0,0
30,30-35,Nữ,Trung,Nông thôn,CĐ,4487.523269388166,high,1,1
22,18-24,Nam,Nam,Đô thị,CĐ,2433.8670859611493,mid,0,0
34,30-35,Nam,Bắc,Đô thị,ĐH,2984.336753415887,mid,0,0
34,30-35,Nam,Nam,Nông thôn,≤THPT,1258.4814101322117,low,0,1
25,25-29,Nam,Nam,Đô thị,CĐ,2722.1713917194975,mid,0,0
19,18-24,Nam,Bắc,Đô thị,≤THPT,3643.461768174767,mid,0,0
21,18-24,Nữ,Nam,Nông thôn,>ĐH,4091.052601814968,high,0,0
18,18-24,Nữ,Bắc,Nông thôn,>ĐH,8035.455266028231,high,0,0
26,25-29,Nam,Bắc,Nông thôn,CĐ,3464.5658450953324,mid,0,0
33,30-35,Nữ,Bắc,Nông thôn,≤THPT,1901.9206914298154,low,0,0
35,30-35,Nữ,Nam,Nông thôn,ĐH,5433.888269432307,high,0,0
30,30-35,Nữ,Bắc,Nông thôn,ĐH,7628.550864185259,high,1,1
31,30-35,Nam,Nam,Nông thôn,ĐH,1449.662734707409,low,0,0
31,30-35,Nam,Nam,Nông thôn,ĐH,2034.6584043328987,low,0,0
34,30-35,Nữ,Nam,Nông thôn,CĐ,1194.9362306209841,low,1,0
20,18-24,Nam,Nam,Nông thôn,≤THPT,3331.64552664371,mid,0,1
33,30-35,Nữ,Trung,Đô thị,ĐH,3433.096146261056,mid,0,0
33,30-35,Nữ,Nam,Nông thôn,≤THPT,1819.066041307312,low,1,0
33,30-35,Nữ,Trung,Đô thị,CĐ,4510.812385503932,high,0,0
32,30-35,Nam,Nam,Đô thị,≤THPT,1359.1930006440857,low,0,0
24,18-24,Nữ,Bắc,Nông thôn,≤THPT,2651.5327787653687,mid,0,0
23,18-24,Nữ,Trung,Nông thôn,≤THPT,651.9334691767227,low,0,0
34,30-35,Nữ,Nam,Nông thôn,≤THPT,2288.288345958997,low,0,0
21,18-24,Nam,Nam,Nông thôn,CĐ,16809.205913947477,high,0,0
33,30-35,Nữ,Nam,Nông thôn,≤THPT,1483.6733248396754,low,0,0
24,18-24,Nữ,Nam,Nông thôn,≤THPT,2934.2968839146997,mid,0,0
18,18-24,Nam,Bắc,Đô thị,≤THPT,6642.020574919274,high,0,0
19,18-24,Nữ,Bắc,Nông thôn,CĐ,1602.0374276228986,low,0,0
32,30-35,Nam,Nam,Đô thị,CĐ,2365.4198962779024,low,0,0
29,25-29,Nữ,Bắc,Đô thị,≤THPT,2520.23288826992,mid,0,0
30,30-35,Nam,Bắc,Nông thôn,CĐ,1925.210547446987,low,0,0
18,18-24,Nữ,Bắc,Đô thị,ĐH,4799.629227236276,high,0,0
34,30-35,Nữ,Bắc,Đô thị,≤THPT,3222.3557701552204,mid,1,1
29,25-29,Nam,Bắc,Nông thôn,ĐH,1955.1437491680927,low,0,0
24,18-24,Nữ,Nam,Nông thôn,CĐ,1718.393392928164,low,0,0
22,18-24,Nam,Bắc,Đô thị,≤THPT,1433.0013875376744,low,0,0
23,18-24,Nữ,Nam,Nông thôn,CĐ,7709.6118311633345,high,0,0
20,18-24,Nữ,Bắc,Nông thôn,≤THPT,2960.7890883847995,mid,0,0
26,25-29,Nam,Bắc,Nông thôn,ĐH,2687.8379132844216,mid,0,0
22,18-24,Nam,Trung,Nông thôn,CĐ,3624.445086275318,mid,0,0
25,25-29,Nam,Bắc,Đô thị,CĐ,5310.651697457371,high,0,0
27,25-29,Nữ,Bắc,Nông thôn,ĐH,2878.2752101907286,mid,0,0
25,25-29,Nam,Bắc,Nông thôn,ĐH,6164.415234662571,high,0,0
23,18-24,Nữ,Bắc,Đô thị,≤THPT,914.8447563888129,low,0,0
34,30-35,Nữ,Bắc,Nông thôn,ĐH,5723.8171355670665,high,0,0
34,30-35,Nam,Trung,Nông thôn,ĐH,8056.792272446744,high,0,0
24,18-24,Nam,Nam,Đô thị,ĐH,2432.3230981663532,mid,0,0
34,30-35,Nữ,Nam,Đô thị,CĐ,4625.250585744132,high,0,0
31,30-35,Nữ,Bắc,Đô thị,≤THPT,3718.2357951966237,mid,0,1
27,25-29,Nam,Nam,Đô thị,≤THPT,2427.9208384613657,low,0,0
26,25-29,Nữ,Nam,Đô thị,≤THPT,1284.935607615066,low,0,0
26,25-29,Nam,Bắc,Nông thôn,>ĐH,4751.698117881777,high,0,0
34,30-35,Nam,Trung,Nông thôn,CĐ,1688.556357512179,low,1,0
24,18-24,Nam,Nam,Nông thôn,≤THPT,3730.6011252672038,mid,0,0
27,25-29,Nữ,Nam,Đô thị,CĐ,8341.352799242171,high,0,0
21,18-24,Nữ,Bắc,Đô thị,≤THPT,2560.1072248917235,mid,0,0
18,18-24,Nam,Bắc,Đô thị,CĐ,5580.681365442776,high,0,0
33,30-35,Nam,Nam,Nông thôn,CĐ,3786.9604110628065,mid,0,1
21,18-24,Nữ,Bắc,Đô thị,ĐH,3691.5738491174134,mid,0,0
22,18-24,Nam,Trung,Nông thôn,CĐ,2338.9301862024113,low,0,0
20,18-24,Nữ,Nam,Nông thôn,≤THPT,1712.2685569138728,low,0,1
33,30-35,Nữ,Bắc,Nông thôn,≤THPT,2942.208342732526,mid,0,1
32,30-35,Nữ,Nam,Nông thôn,≤THPT,2870.3748823794854,mid,1,0
19,18-24,Nữ,Trung,Nông thôn,≤THPT,7062.444302018543,high,0,0
35,30-35,Nam,Nam,Đô thị,≤THPT,1679.3702597473173,low,0,0
23,18-24,Nam,Trung,Nông thôn,CĐ,5277.518429763715,high,0,0
20,18-24,Nữ,Trung,Nông thôn,ĐH,3087.381543944376,mid,0,0
27,25-29,Nữ,Nam,Nông thôn,≤THPT,2548.822361033347,mid,0,0
19,18-24,Nam,Nam,Nông thôn,CĐ,2703.1412714787207,mid,0,0
27,25-29,Nam,Trung,Đô thị,ĐH,4232.522372462281,high,0,0
33,30-35,Nữ,Bắc,Nông thôn,≤THPT,3592.896162581775,mid,0,0
24,18-24,Nam,Bắc,Đô thị,ĐH,4262.657071543679,high,0,0
23,18-24,Nữ,Nam,Nông thôn,≤THPT,1137.3943846655777,low,0,0
18,18-24,Nam,Nam,Đô thị,≤THPT,7009.853088849119,high,0,0
30,30-35,Nữ,Bắc,Nông thôn,≤THPT,1065.6599764170833,low,0,0
21,18-24,Nữ,Bắc,Nông thôn,≤THPT,3541.0681689368243,mid,0,0
20,18-24,Nam,Trung,Nông thôn,≤THPT,4556.761829544913,high,0,0
22,18-24,Nữ,Trung,Nông thôn,ĐH,2852.3760836877186,mid,0,0
33,30-35,Nữ,Bắc,Nông thôn,ĐH,1924.7672331314072,low,0,0
24,18-24,Nữ,Trung,Nông thôn,≤THPT,2017.7299947730776,low,0,0
27,25-29,Nam,Bắc,Đô thị,≤THPT,1991.993236415715,low,1,0
23,18-24,Nữ,Nam,Đô thị,≤THPT,6484.013490553314,high,0,0
20,18-24,Nữ,Trung,Đô thị,≤THPT,1888.5661687799313,low,0,0
21,18-24,Nam,Bắc,Đô thị,≤THPT,2890.4371961598563,mid,0,0
20,18-24,Nữ,Nam,Nông thôn,ĐH,1192.5915628777764,low,0,0
21,18-24,Nữ,Bắc,Nông thôn,>ĐH,7191.438703434398,high,0,0
32,30-35,Nam,Nam,Đô thị,CĐ,2820.9121765456402,mid,1,1
26,25-29,Nữ,Bắc,Nông thôn,ĐH,1664.4344872183447,low,1,1
34,30-35,Nam,Trung,Nông thôn,≤THPT,4027.6485028800525,high,1,1
20,18-24,Nam,Bắc,Nông thôn,≤THPT,1501.4382807103532,low,0,0
30,30-35,Nam,Trung,Đô thị,CĐ,1575.7013891938727,low,0,0
23,18-24,Nữ,Nam,Đô thị,CĐ,1847.8200073296189,low,0,0
18,18-24,Nam,Bắc,Nông thôn,ĐH,3900.4750722686153,mid,0,1
27,25-29,Nữ,Nam,Nông thôn,ĐH,4737.408128251278,high,0,0
28,25-29,Nam,Trung,Nông thôn,CĐ,3204.012008977607,mid,0,0
22,18-24,Nữ,Trung,Đô thị,≤THPT,2621.7774390596473,mid,0,1
22,18-24,Nữ,Nam,Nông thôn,≤THPT,5139.892543241595,high,0,1
32,30-35,Nữ,Bắc,Nông thôn,ĐH,1981.8525532643423,low,0,1
34,30-35,Nữ,Bắc,Nông thôn,CĐ,2833.003091430328,mid,0,0
35,30-35,Nữ,Nam,Đô thị,ĐH,8033.835282491637,high,1,1
19,18-24,Nữ,Nam,Nông thôn,≤THPT,2606.5249385039215,mid,0,0
33,30-35,Nữ,Nam,Đô thị,CĐ,3947.6254158281636,mid,0,1
21,18-24,Nữ,Bắc,Nông thôn,CĐ,2649.841969246474,mid,0,0
24,18-24,Nữ,Nam,Đô thị,CĐ,2483.2430105341123,mid,0,0
25,25-29,Nữ,Nam,Nông thôn,CĐ,2129.7136154099403,low,0,0
24,18-24,Nam,Nam,Đô thị,≤THPT,2867.608465012368,mid,0,0
30,30-35,Nữ,Trung,Đô thị,≤THPT,2489.593824139956,mid,0,0
30,30-35,Nữ,Bắc,Đô thị,CĐ,4144.041855303085,high,0,0
22,18-24,Nữ,Bắc,Đô thị,ĐH,4087.593251051872,high,0,0
29,25-29,Nữ,Nam,Nông thôn,≤THPT,3260.446475925096,mid,0,0
32,30-35,Nữ,Nam,Đô thị,≤THPT,3569.920630583359,mid,0,0
30,30-35,Nam,Bắc,Nông thôn,CĐ,2202.9582865715765,low,0,0
34,30-35,Nữ,Bắc,Đô thị,ĐH,5167.791708566207,high,0,0
32,30-35,Nữ,Bắc,Nông thôn,≤THPT,4370.3694482337205,high,0,1
24,18-24,Nam,Trung,Nông thôn,CĐ,3304.7038316474654,mid,0,1
24,18-24,Nữ,Trung,Nông thôn,ĐH,3046.200362238496,mid,0,0
27,25-29,Nữ,Bắc,Nông thôn,≤THPT,2491.620625461321,mid,0,1
31,30-35,Nữ,Trung,Đô thị,≤THPT,1349.2367260723722,low,0,1
25,25-29,Nữ,Nam,Nông thôn,≤THPT,1428.8591125532448,low,0,0
18,18-24,Nam,Bắc,Đô thị,ĐH,3883.8968785987113,mid,0,0
18,18-24,Nam,Nam,Nông thôn,≤THPT,6526.109764306289,high,0,1
29,25-29,Nam,Trung,Đô thị,≤THPT,2320.5606833547818,low,0,0
21,18-24,Nữ,Bắc,Đô thị,ĐH,4830.67269774923,high,0,0
22,18-24,Nam,Nam,Nông thôn,≤THPT,3170.141722468511,mid,0,0
19,18-24,Nữ,Bắc,Đô thị,ĐH,6195.142837033615,high,0,0
23,18-24,Nữ,Bắc,Nông thôn,≤THPT,3206.411666510332,mid,0,0
27,25-29,Nữ,Nam,Đô thị,ĐH,4298.46119933506,high,0,0
24,18-24,Nam,Bắc,Nông thôn,ĐH,3977.477601811885,mid,0,0
32,30-35,Nữ,Bắc,Đô thị,ĐH,7009.7631670916035,high,0,0
34,30-35,Nam,Nam,Nông thôn,≤THPT,1343.2474629045219,low,1,0
29,25-29,Nam,Nam,Đô thị,ĐH,5764.9256021636065,high,0,0
20,18-24,Nam,Nam,Đô thị,CĐ,5304.723242219854,high,0,0
23,18-24,Nam,Bắc,Nông thôn,ĐH,5822.623026445966,high,0,0
22,18-24,Nam,Nam,Nông thôn,≤THPT,608.8972905010867,low,0,0
31,30-35,Nữ,Nam,Đô thị,>ĐH,4445.81016348161,high,0,0
35,30-35,Nữ,Bắc,Nông thôn,≤THPT,2413.707284982588,low,1,1
31,30-35,Nam,Bắc,Nông thôn,≤THPT,1752.8169677821636,low,0,0
20,18-24,Nam,Nam,Đô thị,ĐH,2931.7071608294827,mid,0,0
35,30-35,Nữ,Nam,Nông thôn,≤THPT,1377.6589508335383,low,0,0
18,18-24,Nam,Bắc,Nông thôn,≤THPT,2955.159099252482,mid,0,0
18,18-24,Nam,Bắc,Đô thị,≤THPT,6487.261017992125,high,0,0
32,30-35,Nam,Trung,Đô thị,ĐH,6488.096944681147,high,0,0
25,25-29,Nữ,Nam,Đô thị,≤THPT,1548.2455276768148,low,0,0
30,30-35,Nam,Trung,Đô thị,≤THPT,1490.5479528095643,low,0,0
24,18-24,Nữ,Bắc,Nông thôn,ĐH,2468.595435623457,mid,1,0
35,30-35,Nam,Nam,Nông thôn,CĐ,3590.3904764627405,mid,0,0
23,18-24,Nữ,Bắc,Nông thôn,ĐH,3312.4367811387133,mid,0,0
27,25-29,Nữ,Trung,Đô thị,≤THPT,8972.61541087344,high,0,0
29,25-29,Nam,Bắc,Nông thôn,≤THPT,2736.7767562619474,mid,1,1
32,30-35,Nữ,Bắc,Đô thị,ĐH,5695.268788725262,high,0,0
32,30-35,Nam,Nam,Nông thôn,ĐH,3581.3779145732883,mid,0,0
28,25-29,Nam,Nam,Nông thôn,ĐH,4797.122563414887,high,0,0
24,18-24,Nữ,Trung,Nông thôn,ĐH,3066.512383930485,mid,0,0
21,18-24,Nam,Nam,Đô thị,ĐH,2595.8503907242357,mid,0,0
26,25-29,Nữ,Trung,Đô thị,ĐH,8105.32835436131,high,0,1
25,25-29,Nữ,Nam,Nông thôn,≤THPT,2027.3751608456746,low,0,0
31,30-35,Nữ,Bắc,Nông thôn,CĐ,2836.8990095702875,mid,0,1
33,30-35,Nam,Trung,Đô thị,ĐH,6082.2995672962215,high,0,0
22,18-24,Nam,Bắc,Nông thôn,ĐH,1904.8321964538045,low,0,0
24,18-24,Nam,Nam,Đô thị,CĐ,628.6643073513216,low,0,0
18,18-24,Nữ,Nam,Đô thị,ĐH,2900.5951416603866,mid,0,0
20,18-24,Nữ,Trung,Nông thôn,≤THPT,4190.478716778985,high,0,0
19,18-24,Nữ,Trung,Đô thị,>ĐH,7488.161066457521,high,0,0
23,18-24,Nữ,Trung,Đô thị,ĐH,3205.04234678717,mid,0,0
22,18-24,Nữ,Bắc,Đô thị,ĐH,4082.0738294448697,high,0,0
35,30-35,Nữ,Nam,Nông thôn,ĐH,5835.286486064772,high,0,0
33,30-35,Nữ,Nam,Đô thị,≤THPT,1236.808217180458,low,1,0
35,30-35,Nữ,Nam,Đô thị,ĐH,1857.0575627541402,low,0,0
29,25-29,Nam,Trung,Đô thị,CĐ,4253.759298409622,high,0,1
23,18-24,Nữ,Nam,Đô thị,≤THPT,2638.175677049911,mid,0,0
33,30-35,Nam,Bắc,Nông thôn,>ĐH,3144.9102165525874,mid,0,0
31,30-35,Nữ,Nam,Đô thị,≤THPT,2355.222334344294,low,0,0
18,18-24,Nam,Trung,Đô thị,>ĐH,9116.02936182463,high,0,0
30,30-35,Nữ,Bắc,Đô thị,≤THPT,5941.878642187989,high,0,0
35,30-35,Nữ,Nam,Nông thôn,≤THPT,1880.270814298949,low,0,0
35,30-35,Nữ,Bắc,Nông thôn,CĐ,8270.754523697507,high,0,0
26,25-29,Nữ,Bắc,Nông thôn,≤THPT,1466.477368439285,low,0,0
32,30-35,Nam,Bắc,Nông thôn,CĐ,1115.3598207207085,low,0,0
23,18-24,Nữ,Bắc,Nông thôn,≤THPT,4668.391019178709,high,0,0
34,30-35,Nữ,Trung,Nông thôn,CĐ,2134.1366405817853,low,0,0
33,30-35,Nam,Bắc,Đô thị,ĐH,3936.5821647120524,mid,0,0
23,18-24,Nữ,Nam,Nông thôn,≤THPT,1499.1543566024304,low,0,0
30,30-35,Nữ,Trung,Nông thôn,ĐH,6947.048850819313,high,0,1
25,25-29,Nữ,Bắc,Nông thôn,ĐH,3729.8382404933323,mid,0,0
25,25-29,Nam,Nam,Đô thị,ĐH,5011.872685142562,high,0,1
23,18-24,Nữ,Bắc,Nông thôn,≤THPT,3066.140655418791,mid,0,0
23,18-24,Nam,Bắc,Nông thôn,ĐH,2790.523482095837,mid,0,0
21,18-24,Nam,Bắc,Đô thị,≤THPT,1574.3583421113094,low,0,0
18,18-24,Nữ,Bắc,Đô thị,ĐH,1739.6419513635929,low,0,0
34,30-35,Nam,Bắc,Nông thôn,≤THPT,802.4444253854145,low,0,0
31,30-35,Nữ,Bắc,Đô thị,ĐH,3112.9564928459868,mid,0,1
35,30-35,Nữ,Trung,Nông thôn,≤THPT,2936.980341513939,mid,1,0
35,30-35,Nữ,Nam,Nông thôn,≤THPT,3192.385426080639,mid,0,1
27,25-29,Nữ,Nam,Đô thị,CĐ,6539.677911473944,high,0,0
32,30-35,Nữ,Bắc,Nông thôn,≤THPT,3875.066189653249,mid,1,0
21,18-24,Nữ,Bắc,Đô thị,≤THPT,1905.5641641852646,low,0,0
24,18-24,Nữ,Nam,Nông thôn,ĐH,2401.6414502074153,low,0,0
23,18-24,Nữ,Nam,Nông thôn,ĐH,3431.8320038541046,mid,0,0
25,25-29,Nam,Nam,Nông thôn,≤THPT,2186.413123134077,low,0,0
28,25-29,Nữ,Bắc,Nông thôn,CĐ,2499.1962067652194,mid,0,0
27,25-29,Nữ,Bắc,Nông thôn,ĐH,1906.8813185628817,low,0,1
34,30-35,Nam,Nam,Đô thị,≤THPT,3393.879587488594,mid,0,0
33,30-35,Nữ,Trung,Nông thôn,CĐ,1573.1023462377354,low,1,0
28,25-29,Nam,Bắc,Đô thị,CĐ,3123.261500096028,mid,0,1
33,30-35,Nam,Nam,Đô thị,CĐ,5189.6927246602645,high,0,0
19,18-24,Nam,Bắc,Đô thị,≤THPT,3166.127085287718,mid,0,0
23,18-24,Nam,Nam,Nông thôn,CĐ,5135.640948702933,high,0,0
19,18-24,Nam,Nam,Đô thị,ĐH,5836.400607788684,high,0,0
26,25-29,Nam,Trung,Nông thôn,ĐH,3004.5121648506592,mid,0,0
20,18-24,Nữ,Bắc,Đô thị,≤THPT,9147.12307605797,high,0,0
31,30-35,Nữ,Nam,Nông thôn,ĐH,1256.4089570044387,low,0,0
23,18-24,Nam,Nam,Nông thôn,ĐH,3730.269628639982,mid,0,0
20,18-24,Nữ,Bắc,Nông thôn,≤THPT,1108.2149257094318,low,1,0
20,18-24,Nữ,Trung,Đô thị,ĐH,10355.939091707129,high,0,0
24,18-24,Nữ,Nam,Đô thị,≤THPT,1214.408534893066,low,0,0
24,18-24,Nữ,Bắc,Nông thôn,≤THPT,1081.8056661006847,low,0,0
28,25-29,Nam,Bắc,Nông thôn,ĐH,1533.46628150076,low,0,0
28,25-29,Nữ,Nam,Nông thôn,ĐH,2818.3139302699583,mid,0,0
34,30-35,Nữ,Bắc,Đô thị,ĐH,1612.9295895955347,low,0,0
29,25-29,Nữ,Nam,Đô thị,CĐ,1095.15557263244,low,0,1
29,25-29,Nữ,Trung,Đô thị,CĐ,2844.483085375375,mid,0,0
26,25-29,Nữ,Nam,Đô thị,ĐH,11800.437034828248,high,0,0
24,18-24,Nam,Bắc,Nông thôn,≤THPT,2220.2805777647136,low,0,0
31,30-35,Nam,Bắc,Đô thị,≤THPT,2255.2021116553865,low,0,0
32,30-35,Nữ,Nam,Đô thị,CĐ,1934.264527568915,low,0,0
28,25-29,Nữ,Nam,Nông thôn,ĐH,19267.71193494443,high,0,0
32,30-35,Nữ,Nam,Đô thị,CĐ,2302.3372339410307,low,1,1
22,18-24,Nam,Bắc,Đô thị,>ĐH,3192.6602591729597,mid,0,0
21,18-24,Nữ,Nam,Nông thôn,CĐ,5218.714034936931,high,0,1
35,30-35,Nữ,Bắc,Nông thôn,≤THPT,7000.00523249607,high,1,1
28,25-29,Nam,Nam,Đô thị,≤THPT,7786.100714210406,high,1,0
35,30-35,Nữ,Bắc,Nông thôn,CĐ,7739.905688140835,high,1,1
30,30-35,Nữ,Bắc,Đô thị,≤THPT,9705.447121593628,high,0,0
19,18-24,Nữ,Nam,Đô thị,ĐH,5925.199552041458,high,0,0
32,30-35,Nam,Bắc,Nông thôn,≤THPT,7452.362136140724,high,1,0
20,18-24,Nam,Nam,Đô thị,≤THPT,3508.399003051117,mid,0,0
22,18-24,Nữ,Bắc,Nông thôn,≤THPT,1304.0292008518747,low,0,1
20,18-24,Nam,Trung,Nông thôn,CĐ,1262.5992362064105,low,0,0
31,30-35,Nữ,Trung,Nông thôn,≤THPT,7839.053146579901,high,1,0
31,30-35,Nữ,Bắc,Nông thôn,ĐH,2748.1219932156127,mid,1,0
22,18-24,Nam,Bắc,Đô thị,CĐ,2262.5761269056807,low,0,0
29,25-29,Nam,Trung,Nông thôn,ĐH,5604.642813453379,high,0,0
20,18-24,Nữ,Bắc,Đô thị,CĐ,7179.4637827923225,high,0,0
18,18-24,Nam,Trung,Nông thôn,≤THPT,1297.469648575619,low,0,0
31,30-35,Nữ,Bắc,Nông thôn,ĐH,1551.3110499596546,low,0,0
35,30-35,Nữ,Bắc,Nông thôn,ĐH,3821.5209540143533,mid,0,0
21,18-24,Nữ,Bắc,Nông thôn,>ĐH,4751.705082757195,high,0,0
34,30-35,Nữ,Bắc,Đô thị,≤THPT,1087.0121263760261,low,1,0
34,30-35,Nam,Bắc,Nông thôn,≤THPT,2553.6190888251654,mid,0,0
25,25-29,Nữ,Nam,Nông thôn,CĐ,3936.8473099145403,mid,1,1
21,18-24,Nam,Nam,Nông thôn,≤THPT,1417.9867619763174,low,0,0
35,30-35,Nữ,Trung,Đô thị,≤THPT,5148.969538011342,high,0,0
34,30-35,Nam,Nam,Nông thôn,≤THPT,4468.586589399146,high,1,0
26,25-29,Nam,Bắc,Nông thôn,CĐ,1064.0141482775643,low,0,0
32,30-35,Nam,Bắc,Đô thị,≤THPT,8797.188193522088,high,0,0
27,25-29,Nam,Nam,Đô thị,CĐ,3648.862596827254,mid,0,0
19,18-24,Nữ,Trung,Nông thôn,≤THPT,3344.2235798003967,mid,0,0
18,18-24,Nam,Nam,Đô thị,ĐH,5637.525221266931,high,0,0
26,25-29,Nam,Nam,Đô thị,≤THPT,2536.078146648023,mid,0,0
31,30-35,Nữ,Bắc,Đô thị,≤THPT,2632.3715825523836,mid,0,0
21,18-24,Nam,Bắc,Đô thị,≤THPT,2028.1720388713811,low,0,0
26,25-29,Nữ,Bắc,Đô thị,≤THPT,5015.140435787399,high,0,0
33,30-35,Nữ,Bắc,Đô thị,≤THPT,4030.8768879382183,high,0,0
28,25-29,Nam,Bắc,Nông thôn,ĐH,4873.962677111842,high,1,0
29,25-29,Nữ,Nam,Nông thôn,ĐH,3484.8640184942965,mid,0,0
21,18-24,Nữ,Bắc,Nông thôn,≤THPT,2135.1952501110245,low,0,0
27,25-29,Nam,Bắc,Nông thôn,CĐ,2470.9743964034774,mid,0,0
35,30-35,Nam,Bắc,Nông thôn,≤THPT,466.4793369964651,low,0,0
33,30-35,Nam,Bắc,Đô thị,≤THPT,1880.6079463810065,low,0,0
23,18-24,Nữ,Nam,Nông thôn,CĐ,3186.6487831548843,mid,0,0
21,18-24,Nữ,Nam,Nông thôn,≤THPT,3405.686902570528,mid,0,0
24,18-24,Nữ,Bắc,Đô thị,ĐH,4956.435779141822,high,0,0
27,25-29,Nữ,Bắc,Đô thị,CĐ,1608.6762792624963,low,1,0
33,30-35,Nữ,Trung,Đô thị,ĐH,8197.24751639839,high,0,0
30,30-35,Nam,Bắc,Nông thôn,≤THPT,2234.1230227152596,low,0,1
27,25-29,Nữ,Nam,Đô thị,ĐH,2117.7663830586794,low,0,0
31,30-35,Nữ,Trung,Nông thôn,≤THPT,4493.404018923221,high,0,0
30,30-35,Nữ,Bắc,Nông thôn,>ĐH,3393.9945783043636,mid,0,0
34,30-35,Nữ,Bắc,Nông thôn,>ĐH,2276.507403478559,low,0,1
32,30-35,Nữ,Bắc,Nông thôn,≤THPT,2384.90365076215,low,0,1
35,30-35,Nam,Trung,Đô thị,≤THPT,4298.142851079995,high,0,1
33,30-35,Nam,Bắc,Nông thôn,≤THPT,4310.711919980566,high,0,1
31,30-35,Nữ,Bắc,Nông thôn,ĐH,5887.5934507452075,high,0,1
35,30-35,Nam,Trung,Đô thị,≤THPT,1571.8884218404821,low,0,0
32,30-35,Nữ,Bắc,Nông thôn,CĐ,912.7664632681843,low,1,0
25,25-29,Nữ,Nam,Nông thôn,ĐH,2582.3696411379037,mid,0,0
29,25-29,Nam,Bắc,Đô thị,≤THPT,5509.6273341293545,high,0,0
22,18-24,Nữ,Nam,Đô thị,≤THPT,1736.248034679505,low,0,0
31,30-35,Nữ,Trung,Đô thị,CĐ,2552.6745600373674,mid,1,0
30,30-35,Nữ,Bắc,Đô thị,CĐ,1991.506117829868,low,0,0
21,18-24,Nữ,Bắc,Đô thị,≤THPT,1280.907831725632,low,0,0
26,25-29,Nam,Nam,Nông thôn,≤THPT,4889.507994677249,high,1,0
26,25-29,Nam,Nam,Đô thị,≤THPT,2559.524063879824,mid,0,0
30,30-35,Nam,Trung,Nông thôn,ĐH,4748.365683790569,high,0,1
25,25-29,Nữ,Bắc,Nông thôn,≤THPT,2225.9889278491264,low,0,1
33,30-35,Nam,Bắc,Đô thị,ĐH,4826.616065341943,high,0,1
29,25-29,Nữ,Nam,Nông thôn,CĐ,5461.92605662498,high,0,0
32,30-35,Nữ,Bắc,Nông thôn,≤THPT,2263.188216730647,low,0,0
32,30-35,Nữ,Bắc,Nông thôn,≤THPT,5753.876803565451,high,0,1
33,30-35,Nữ,Bắc,Nông thôn,≤THPT,4990.3407323379415,high,0,1
25,25-29,Nữ,Trung,Đô thị,ĐH,2903.2278034192477,mid,0,0
28,25-29,Nam,Bắc,Đô thị,>ĐH,5820.662532892732,high,0,0
25,25-29,Nam,Nam,Nông thôn,≤THPT,2513.339510105849,mid,0,0
32,30-35,Nữ,Bắc,Đô thị,ĐH,7049.545178343993,high,0,0
19,18-24,Nữ,Bắc,Đô thị,≤THPT,3837.1680708543277,mid,1,0
24,18-24,Nữ,Bắc,Đô thị,CĐ,5089.589675664349,high,0,0
35,30-35,Nam,Trung,Nông thôn,ĐH,3779.442480579367,mid,0,1
29,25-29,Nữ,Trung,Nông thôn,≤THPT,1953.0344633824905,low,0,0
25,25-29,Nữ,Nam,Đô thị,≤THPT,3649.597999628759,mid,0,0
26,25-29,Nam,Nam,Đô thị,CĐ,7755.168855696579,high,0,0
29,25-29,Nữ,Bắc,Đô thị,ĐH,5668.888904224614,high,0,0
32,30-35,Nam,Nam,Đô thị,≤THPT,3172.3607094862045,mid,0,0
28,25-29,Nam,Bắc,Đô thị,CĐ,1563.0727431515445,low,0,0
21,18-24,Nam,Bắc,Nông thôn,ĐH,3227.97894636994,mid,0,0
22,18-24,Nữ,Bắc,Nông thôn,≤THPT,4724.812182765024,high,0,0
32,30-35,Nam,Bắc,Đô thị,≤THPT,726.3092930894185,low,0,0
31,30-35,Nam,Bắc,Đô thị,≤THPT,3298.970538012561,mid,1,1
28,25-29,Nam,Trung,Nông thôn,≤THPT,1781.5623993899292,low,0,0
24,18-24,Nữ,Trung,Đô thị,ĐH,4265.268979418908,high,0,1
31,30-35,Nữ,Bắc,Nông thôn,≤THPT,3688.035813017137,mid,0,0
27,25-29,Nam,Trung,Nông thôn,≤THPT,1757.3934105843755,low,0,0
20,18-24,Nữ,Nam,Nông thôn,≤THPT,4356.559781229291,high,0,0
25,25-29,Nam,Nam,Nông thôn,CĐ,2171.1927079113207,low,0,0
18,18-24,Nam,Nam,Nông thôn,ĐH,12273.896613293879,high,0,0
18,18-24,Nữ,Nam,Đô thị,≤THPT,3925.2112947905575,mid,0,0
23,18-24,Nữ,Nam,Nông thôn,≤THPT,3641.42179792669,mid,0,0
20,18-24,Nam,Bắc,Đô thị,ĐH,5055.25312105646,high,0,0
18,18-24,Nam,Trung,Đô thị,≤THPT,3496.4787574676416,mid,0,0
19,18-24,Nữ,Bắc,Nông thôn,≤THPT,2169.579105769487,low,0,0
28,25-29,Nữ,Bắc,Đô thị,≤THPT,2146.2878972712574,low,0,1
22,18-24,Nữ,Nam,Nông thôn,CĐ,6078.913780642615,high,0,0
28,25-29,Nữ,Nam,Đô thị,>ĐH,3222.1395442379294,mid,0,1
22,18-24,Nữ,Bắc,Nông thôn,≤THPT,709.411621033676,low,0,0
29,25-29,Nam,Bắc,Đô thị,≤THPT,3340.588857649965,mid,0,1
22,18-24,Nam,Bắc,Đô thị,≤THPT,2084.4467487619263,low,0,0
29,25-29,Nữ,Bắc,Nông thôn,ĐH,2388.0101702323727,low,0,0
21,18-24,Nữ,Nam,Nông thôn,≤THPT,4352.2475904672965,high,1,0
32,30-35,Nữ,Bắc,Nông thôn,ĐH,1909.7428103717402,low,0,1
33,30-35,Nam,Nam,Nông thôn,ĐH,8111.498580081364,high,1,1
21,18-24,Nữ,Bắc,Nông thôn,ĐH,1784.6065396944903,low,0,0
30,30-35,Nam,Bắc,Nông thôn,CĐ,3608.538415806097,mid,0,0
30,30-35,Nữ,Bắc,Đô thị,ĐH,6294.7794231396365,high,0,0
20,18-24,Nam,Bắc,Đô thị,≤THPT,2333.4359264329364,low,0,0
23,18-24,Nam,Bắc,Nông thôn,CĐ,3070.2485828543477,mid,0,1
21,18-24,Nữ,Bắc,Nông thôn,CĐ,1195.3922811741702,low,0,0
22,18-24,Nữ,Nam,Đô thị,≤THPT,3555.667940245308,mid,0,0
31,30-35,Nữ,Bắc,Nông thôn,>ĐH,4169.575444635782,high,0,0
29,25-29,Nữ,Nam,Nông thôn,CĐ,1365.2080313274414,low,0,0
23,18-24,Nữ,Nam,Nông thôn,CĐ,4253.936139685628,high,0,1
24,18-24,Nam,Trung,Đô thị,CĐ,2840.3532930866845,mid,0,0
24,18-24,Nữ,Bắc,Nông thôn,≤THPT,1246.6940940058232,low,0,0
21,18-24,Nam,Bắc,Đô thị,ĐH,5250.74433994583,high,0,0
30,30-35,Nữ,Bắc,Nông thôn,ĐH,2707.4214121130512,mid,0,0
35,30-35,Nam,Trung,Nông thôn,≤THPT,3805.8177374776915,mid,0,1
18,18-24,Nam,Bắc,Nông thôn,≤THPT,4196.778347046847,high,0,0
21,18-24,Nữ,Nam,Đô thị,>ĐH,3947.1549979415536,mid,0,0
26,25-29,Nam,Bắc,Nông thôn,CĐ,4430.964676305037,high,0,1
19,18-24,Nam,Trung,Đô thị,≤THPT,4127.196089944511,high,0,0
18,18-24,Nữ,Trung,Đô thị,≤THPT,1574.4018435393104,low,0,0
23,18-24,Nữ,Nam,Đô thị,CĐ,1419.7406109038307,low,0,0
20,18-24,Nam,Nam,Nông thôn,ĐH,1563.8372545197105,low,0,0
33,30-35,Nữ,Bắc,Đô thị,≤THPT,3305.5914406623556,mid,0,0
29,25-29,Nữ,Nam,Nông thôn,≤THPT,1924.9042867650817,low,0,0
19,18-24,Nam,Nam,Đô thị,ĐH,5068.038843963444,high,0,0
28,25-29,Nam,Bắc,Đô thị,ĐH,1036.267850337712,low,1,0
25,25-29,Nữ,Bắc,Nông thôn,ĐH,5515.16455277244,high,0,0
25,25-29,Nữ,Nam,Đô thị,≤THPT,2821.897795638016,mid,0,0
29,25-29,Nữ,Bắc,Đô thị,≤THPT,2254.8113308203096,low,0,0
26,25-29,Nam,Trung,Đô thị,≤THPT,2458.027117454,mid,0,0
29,25-29,Nữ,Bắc,Đô thị,ĐH,2137.7630646408957,low,0,0
34,30-35,Nữ,Bắc,Đô thị,CĐ,5367.00715708489,high,1,0
24,18-24,Nữ,Bắc,Nông thôn,CĐ,2626.837687649244,mid,0,0
25,25-29,Nữ,Nam,Nông thôn,≤THPT,786.2663524740104,low,1,0
28,25-29,Nữ,Bắc,Nông thôn,≤THPT,5238.8553297326325,high,0,0
30,30-35,Nữ,Bắc,Đô thị,≤THPT,1588.8664669427228,low,1,0
33,30-35,Nữ,Bắc,Đô thị,CĐ,2006.0799294190062,low,0,0
21,18-24,Nữ,Nam,Nông thôn,CĐ,8009.232827184877,high,0,0
32,30-35,Nam,Bắc,Đô thị,CĐ,3778.7829911976382,mid,0,0
30,30-35,Nam,Trung,Đô thị,CĐ,6051.306894996815,high,0,1
18,18-24,Nữ,Nam,Đô thị,ĐH,4345.415032232158,high,0,0
23,18-24,Nữ,Bắc,Nông thôn,ĐH,3527.4938801071335,mid,0,0
18,18-24,Nam,Nam,Đô thị,≤THPT,2965.78693607779,mid,0,0
26,25-29,Nam,Nam,Đô thị,≤THPT,1326.0206856097939,low,0,0
23,18-24,Nữ,Bắc,Nông thôn,≤THPT,3101.8218394811097,mid,0,0
20,18-24,Nam,Bắc,Nông thôn,≤THPT,1670.2785836959185,low,0,1
24,18-24,Nam,Trung,Nông thôn,ĐH,2694.5099242179035,mid,0,0
32,30-35,Nam,Trung,Đô thị,≤THPT,2014.1656418427233,low,0,0
31,30-35,Nam,Trung,Đô thị,ĐH,5418.273492025484,high,0,0
28,25-29,Nữ,Nam,Nông thôn,ĐH,7056.918476446767,high,1,0
27,25-29,Nam,Bắc,Đô thị,≤THPT,7344.46071116065,high,0,0
28,25-29,Nam,Nam,Đô thị,ĐH,4742.545716167339,high,0,0
22,18-24,Nữ,Nam,Đô thị,>ĐH,8667.651052058092,high,0,0
25,25-29,Nữ,Bắc,Nông thôn,≤THPT,4058.263882781405,high,0,0
27,25-29,Nam,Bắc,Nông thôn,≤THPT,4163.038541236606,high,0,0
25,25-29,Nam,Nam,Nông thôn,CĐ,8421.242002779336,high,0,1
33,30-35,Nam,Trung,Đô thị,≤THPT,3968.6723078818427,mid,0,0
21,18-24,Nam,Bắc,Đô thị,CĐ,2144.4223374851267,low,0,0
23,18-24,Nữ,Trung,Đô thị,≤THPT,3924.847745446367,mid,0,0
35,30-35,Nam,Trung,Nông thôn,≤THPT,1515.0162794415296,low,1,1
19,18-24,Nữ,Bắc,Đô thị,≤THPT,2394.4657636007237,low,0,0
29,25-29,Nam,Trung,Đô thị,≤THPT,2975.182256779572,mid,1,0
33,30-35,Nam,Bắc,Nông thôn,≤THPT,1512.1111263975044,low,1,0
34,30-35,Nam,Nam,Nông thôn,CĐ,2499.8862469276,mid,0,0
31,30-35,Nữ,Trung,Nông thôn,CĐ,2250.856246070028,low,1,0
20,18-24,Nam,Bắc,Đô thị,≤THPT,1916.2404076994098,low,0,0
27,25-29,Nữ,Bắc,Đô thị,ĐH,11595.782463225358,high,0,0
26,25-29,Nam,Nam,Đô thị,≤THPT,3552.6329818861827,mid,0,0
22,18-24,Nam,Bắc,Đô thị,ĐH,1885.6773116750844,low,0,0
19,18-24,Nữ,Bắc,Đô thị,≤THPT,3529.3626073385158,mid,0,0
20,18-24,Nữ,Bắc,Đô thị,>ĐH,9715.54408576315,high,0,0
28,25-29,Nam,Nam,Nông thôn,ĐH,3906.4467578420426,mid,0,0
19,18-24,Nữ,Bắc,Đô thị,>ĐH,5794.056730799823,high,0,1
35,30-35,Nam,Nam,Đô thị,CĐ,3227.7023275560246,mid,0,0
24,18-24,Nữ,Trung,Đô thị,CĐ,8089.853350007847,high,0,0
34,30-35,Nam,Nam,Nông thôn,ĐH,3570.820794826325,mid,0,0
34,30-35,Nữ,Bắc,Nông thôn,≤THPT,1860.1461130216715,low,0,0
31,30-35,Nữ,Nam,Nông thôn,ĐH,6316.86328955281,high,0,0
28,25-29,Nam,Trung,Nông thôn,≤THPT,3030.2121652339583,mid,1,1
20,18-24,Nam,Trung,Đô thị,ĐH,3402.3052343891504,mid,1,0
30,30-35,Nữ,Bắc,Đô thị,ĐH,2329.9285910103604,low,1,0
31,30-35,Nữ,Bắc,Nông thôn,≤THPT,11456.287045671865,high,1,0
32,30-35,Nữ,Bắc,Nông thôn,CĐ,1907.2109090217332,low,0,0
26,25-29,Nữ,Bắc,Nông thôn,ĐH,3921.0874632360087,mid,0,0
28,25-29,Nữ,Nam,Nông thôn,≤THPT,3451.847841582329,mid,0,1
24,18-24,Nam,Nam,Nông thôn,≤THPT,2380.47885835885,low,0,0
19,18-24,Nam,Nam,Nông thôn,ĐH,4257.06766628403,high,0,0
20,18-24,Nam,Nam,Nông thôn,ĐH,1807.7674010934918,low,0,0
31,30-35,Nam,Bắc,Nông thôn,CĐ,4140.073070343718,high,1,0
33,30-35,Nữ,Nam,Đô thị,≤THPT,1114.4511083709467,low,0,0
35,30-35,Nam,Nam,Nông thôn,ĐH,1905.2990466231072,low,0,0
19,18-24,Nữ,Nam,Đô thị,ĐH,4452.214462697891,high,0,0
28,25-29,Nữ,Trung,Nông thôn,ĐH,3710.126592720727,mid,0,1
21,18-24,Nam,Bắc,Nông thôn,ĐH,8865.195317423702,high,0,0
32,30-35,Nữ,Trung,Nông thôn,ĐH,6505.957022923812,high,0,1
33,30-35,Nữ,Nam,Nông thôn,≤THPT,2196.6316141298075,low,0,0
18,18-24,Nam,Trung,Đô thị,ĐH,10498.566395507123,high,0,0
29,25-29,Nam,Bắc,Nông thôn,CĐ,2453.8524724861795,mid,0,0
30,30-35,Nữ,Trung,Nông thôn,≤THPT,1324.3996491078733,low,1,0
21,18-24,Nam,Bắc,Nông thôn,CĐ,2509.8940825290583,mid,0,0
26,25-29,Nam,Bắc,Nông thôn,≤THPT,1648.994620499198,low,0,0
27,25-29,Nữ,Trung,Đô thị,≤THPT,5106.086524230244,high,0,0
33,30-35,Nữ,Nam,Đô thị,≤THPT,2341.1486435660854,low,0,0
23,18-24,Nữ,Bắc,Nông thôn,CĐ,2384.52540984205,low,0,0
34,30-35,Nữ,Bắc,Nông thôn,ĐH,4772.241650393402,high,0,0
22,18-24,Nữ,Trung,Đô thị,≤THPT,3439.120714625796,mid,0,0
28,25-29,Nữ,Bắc,Nông thôn,ĐH,2590.1390064471148,mid,0,0
26,25-29,Nam,Bắc,Nông thôn,CĐ,898.1900160621059,low,0,1
31,30-35,Nữ,Nam,Nông thôn,≤THPT,1176.2883186376591,low,0,0
29,25-29,Nữ,Nam,Đô thị,ĐH,7683.28685002468,high,1,1
32,30-35,Nữ,Bắc,Nông thôn,≤THPT,2487.5603540043867,mid,0,1
22,18-24,Nam,Bắc,Đô thị,ĐH,3732.104395369669,mid,0,0
23,18-24,Nữ,Bắc,Nông thôn,≤THPT,2657.380118622429,mid,0,0
26,25-29,Nữ,Nam,Nông thôn,ĐH,3889.5506998518777,mid,0,0
28,25-29,Nữ,Bắc,Đô thị,≤THPT,5901.487840584799,high,0,0
25,25-29,Nữ,Bắc,Nông thôn,ĐH,6370.769035702572,high,0,1
23,18-24,Nữ,Nam,Nông thôn,≤THPT,2567.258870243311,mid,1,0
24,18-24,Nam,Bắc,Nông thôn,≤THPT,2932.8151916549396,mid,0,0
34,30-35,Nữ,Bắc,Nông thôn,ĐH,3500.7124258760755,mid,1,0
18,18-24,Nữ,Trung,Nông thôn,ĐH,2159.1078479240327,low,0,0
35,30-35,Nữ,Trung,Nông thôn,≤THPT,1862.0216434402523,low,1,0
35,30-35,Nam,Nam,Nông thôn,≤THPT,2997.601477785152,mid,0,0
31,30-35,Nữ,Nam,Đô thị,ĐH,5966.87359250453,high,0,0
33,30-35,Nữ,Nam,Đô thị,≤THPT,2838.0774574970346,mid,0,0
34,30-35,Nam,Nam,Đô thị,≤THPT,6386.307676188192,high,0,1
31,30-35,Nam,Bắc,Nông thôn,ĐH,3863.9309588840642,mid,0,0
32,30-35,Nữ,Bắc,Nông thôn,CĐ,1612.5952726978342,low,1,0
25,25-29,Nữ,Bắc,Nông thôn,CĐ,4217.262439742884,high,0,0
22,18-24,Nữ,Bắc,Nông thôn,≤THPT,3307.56113960684,mid,0,0
32,30-35,Nam,Bắc,Đô thị,≤THPT,2406.7302653785205,low,0,0
31,30-35,Nữ,Trung,Đô thị,≤THPT,2987.760347987046,mid,0,0
24,18-24,Nữ,Trung,Đô thị,CĐ,2002.9085704779989,low,0,0
24,18-24,Nam,Bắc,Đô thị,CĐ,3969.4762019648033,mid,0,0
22,18-24,Nữ,Bắc,Đô thị,ĐH,2405.0841662956736,low,0,0
24,18-24,Nữ,Trung,Nông thôn,≤THPT,3524.237760457088,mid,0,1
30,30-35,Nam,Trung,Nông thôn,≤THPT,2246.890726752915,low,1,1
28,25-29,Nữ,Nam,Đô thị,ĐH,9587.233034204635,high,0,0
21,18-24,Nam,Trung,Nông thôn,≤THPT,6806.761039938133,high,0,0
23,18-24,Nam,Bắc,Nông thôn,ĐH,2718.6031551687342,mid,0,0
25,25-29,Nữ,Bắc,Nông thôn,≤THPT,4013.227508945995,mid,0,0
21,18-24,Nam,Nam,Nông thôn,≤THPT,909.9895992121845,low,0,0
29,25-29,Nữ,Nam,Đô thị,≤THPT,4082.633685319842,high,0,0
32,30-35,Nam,Nam,Nông thôn,ĐH,6098.457279952398,high,0,0
21,18-24,Nữ,Bắc,Nông thôn,≤THPT,4799.281832830202,high,0,0
33,30-35,Nữ,Trung,Đô thị,ĐH,5608.8433980164045,high,0,1
22,18-24,Nữ,Nam,Nông thôn,CĐ,1595.2634187572341,low,0,0
27,25-29,Nữ,Bắc,Nông thôn,≤THPT,2775.64463857812,mid,0,0
33,30-35,Nam,Nam,Nông thôn,ĐH,1910.7842683180056,low,0,0
22,18-24,Nam,Bắc,Nông thôn,CĐ,3155.6317421574704,mid,0,0
34,30-35,Nam,Bắc,Nông thôn,≤THPT,5348.047181250777,high,1,1
20,18-24,Nữ,Trung,Nông thôn,>ĐH,2975.7623643457296,mid,0,0
19,18-24,Nữ,Bắc,Nông thôn,≤THPT,3032.2050702725483,mid,1,0
19,18-24,Nữ,Bắc,Đô thị,ĐH,12086.955442721246,high,0,0
22,18-24,Nữ,Nam,Đô thị,ĐH,8076.443937910808,high,0,0
19,18-24,Nữ,Nam,Đô thị,≤THPT,2618.586587241745,mid,0,0
21,18-24,Nam,Bắc,Đô thị,>ĐH,4655.219142464084,high,0,0
21,18-24,Nữ,Trung,Nông thôn,CĐ,5512.882458003079,high,0,0
30,30-35,Nữ,Nam,Nông thôn,CĐ,6058.636717506945,high,0,1
27,25-29,Nam,Nam,Đô thị,≤THPT,3517.112732888189,mid,1,0
23,18-24,Nữ,Trung,Đô thị,ĐH,3350.73931304007,mid,0,0
19,18-24,Nữ,Bắc,Nông thôn,ĐH,5401.4008469916425,high,0,0
33,30-35,Nữ,Bắc,Đô thị,≤THPT,2021.1959467290433,low,0,0
28,25-29,Nam,Bắc,Nông thôn,>ĐH,4770.103309090159,high,0,0
26,25-29,Nữ,Trung,Đô thị,≤THPT,4370.252821406051,high,0,0
21,18-24,Nữ,Bắc,Đô thị,CĐ,1473.4096596078236,low,0,0
25,25-29,Nữ,Trung,Nông thôn,≤THPT,1895.1137685938213,low,1,0
18,18-24,Nam,Bắc,Đô thị,≤THPT,2160.2069323359256,low,0,0
18,18-24,Nữ,Bắc,Nông thôn,≤THPT,1823.6911231939016,low,0,0
20,18-24,Nữ,Trung,Đô thị,>ĐH,8119.179662742509,high,0,0
31,30-35,Nam,Nam,Đô thị,ĐH,2411.995284753944,low,0,0
18,18-24,Nam,Bắc,Nông thôn,ĐH,3849.4829286793347,mid,0,0
26,25-29,Nam,Nam,Nông thôn,ĐH,2677.6283995720846,mid,0,0
24,18-24,Nam,Nam,Nông thôn,ĐH,3499.724561601889,mid,0,0
26,25-29,Nam,Nam,Đô thị,≤THPT,2073.867608349682,low,0,0
23,18-24,Nữ,Bắc,Nông thôn,ĐH,5082.785888068259,high,0,0
18,18-24,Nam,Nam,Nông thôn,≤THPT,1550.9926084596834,low,0,0
22,18-24,Nữ,Bắc,Nông thôn,CĐ,3528.768312244929,mid,0,0
29,25-29,Nữ,Bắc,Nông thôn,ĐH,6272.06007084673,high,0,0
19,18-24,Nữ,Nam,Đô thị,≤THPT,5708.742644206829,high,0,0
22,18-24,Nam,Bắc,Đô thị,≤THPT,2789.227616635452,mid,0,0
27,25-29,Nữ,Nam,Nông thôn,≤THPT,3701.650020322049,mid,1,0
20,18-24,Nữ,Nam,Nông thôn,CĐ,3643.8917539141153,mid,0,0
34,30-35,Nữ,Bắc,Nông thôn,≤THPT,3186.8382613947338,mid,0,0
18,18-24,Nữ,Trung,Đô thị,ĐH,2312.1672761216932,low,0,0
29,25-29,Nữ,Bắc,Nông thôn,CĐ,3751.0207902779584,mid,0,0
23,18-24,Nữ,Nam,Đô thị,ĐH,2943.2136133747435,mid,0,0
23,18-24,Nam,Trung,Nông thôn,≤THPT,1611.6978920787544,low,0,0
22,18-24,Nam,Nam,Đô thị,>ĐH,10511.269865597296,high,0,0
23,18-24,Nam,Bắc,Nông thôn,≤THPT,1633.9891833272616,low,0,0
18,18-24,Nữ,Nam,Đô thị,CĐ,10315.092514383798,high,0,0
22,18-24,Nữ,Bắc,Nông thôn,≤THPT,4163.249191320952,high,0,0
28,25-29,Nữ,Trung,Đô thị,≤THPT,4182.873651929057,high,0,0
25,25-29,Nam,Nam,Đô thị,ĐH,7161.6647235493165,high,0,0
35,30-35,Nam,Nam,Đô thị,ĐH,5699.104640679545,high,0,0
35,30-35,Nữ,Trung,Nông thôn,ĐH,2135.168191307173,low,0,0
33,30-35,Nữ,Nam,Nông thôn,≤THPT,4314.134290619909,high,0,0
19,18-24,Nữ,Nam,Đô thị,≤THPT,4061.1168656881046,high,0,0
28,25-29,Nam,Trung,Nông thôn,≤THPT,2661.5719263894075,mid,1,0
29,25-29,Nữ,Nam,Đô thị,≤THPT,5474.67316017747,high,0,1
34,30-35,Nam,Bắc,Đô thị,≤THPT,2726.66717976533,mid,1,0
29,25-29,Nam,Bắc,Đô thị,≤THPT,4381.378411179649,high,0,0
24,18-24,Nữ,Nam,Đô thị,≤THPT,1056.9370853865732,low,0,0
30,30-35,Nữ,Bắc,Nông thôn,ĐH,6150.5306688076,high,1,0
26,25-29,Nam,Nam,Đô thị,ĐH,3962.853537963531,mid,0,0
22,18-24,Nam,Nam,Nông thôn,CĐ,1639.8885677916091,low,0,0
32,30-35,Nữ,Nam,Nông thôn,≤THPT,6021.28507403813,high,0,1
26,25-29,Nam,Bắc,Nông thôn,CĐ,2246.4743998964027,low,0,1
32,30-35,Nam,Trung,Đô thị,≤THPT,1867.573151887817,low,0,0
18,18-24,Nữ,Nam,Nông thôn,≤THPT,2521.9191724484076,mid,0,1
32,30-35,Nữ,Bắc,Nông thôn,CĐ,7844.375577468202,high,0,0
30,30-35,Nam,Trung,Đô thị,≤THPT,1906.4699833766651,low,0,0
22,18-24,Nữ,Bắc,Nông thôn,≤THPT,3001.709593570249,mid,0,0
21,18-24,Nam,Bắc,Nông thôn,≤THPT,1943.8677297697695,low,0,0
18,18-24,Nữ,Bắc,Nông thôn,ĐH,2106.0533597630047,low,0,0
33,30-35,Nam,Trung,Đô thị,≤THPT,5115.980674388114,high,0,0
19,18-24,Nữ,Nam,Đô thị,≤THPT,2346.4910676250597,low,0,0
25,25-29,Nam,Bắc,Nông thôn,≤THPT,7029.826996068826,high,0,0
35,30-35,Nam,Nam,Đô thị,≤THPT,2516.0259317753653,mid,0,0
18,18-24,Nữ,Nam,Nông thôn,CĐ,2705.6268087453823,mid,0,0
26,25-29,Nam,Bắc,Nông thôn,≤THPT,2752.2767981475863,mid,0,0
21,18-24,Nữ,Nam,Nông thôn,ĐH,2199.006177442542,low,0,0
18,18-24,Nữ,Nam,Đô thị,≤THPT,2570.7561659723638,mid,0,0
26,25-29,Nữ,Bắc,Nông thôn,ĐH,2390.4619792879075,low,0,0
27,25-29,Nữ,Bắc,Nông thôn,ĐH,7260.22447697519,high,0,1
34,30-35,Nam,Nam,Đô thị,CĐ,3936.805553263154,mid,0,1
21,18-24,Nam,Bắc,Nông thôn,ĐH,4334.0661946326,high,0,0
32,30-35,Nữ,Bắc,Nông thôn,≤THPT,1257.4537252071666,low,1,1
22,18-24,Nữ,Bắc,Nông thôn,ĐH,4186.791245243575,high,0,0
32,30-35,Nam,Bắc,Đô thị,≤THPT,3052.9836128237903,mid,0,0
30,30-35,Nam,Bắc,Đô thị,ĐH,5676.43126706105,high,1,0
27,25-29,Nam,Bắc,Đô thị,>ĐH,9593.927267518276,high,0,0
34,30-35,Nam,Trung,Nông thôn,≤THPT,3123.537728582148,mid,1,0
18,18-24,Nam,Bắc,Nông thôn,≤THPT,1367.5927622455856,low,0,0
23,18-24,Nam,Nam,Nông thôn,≤THPT,4554.5516971142315,high,0,0
22,18-24,Nam,Bắc,Đô thị,ĐH,7643.665092475027,high,0,0
31,30-35,Nữ,Bắc,Nông thôn,CĐ,2810.437358775717,mid,0,0
32,30-35,Nữ,Trung,Đô thị,≤THPT,849.4915562942016,low,0,0
26,25-29,Nam,Bắc,Nông thôn,≤THPT,4333.00859506508,high,1,1
18,18-24,Nam,Nam,Đô thị,≤THPT,5202.537617600552,high,0,0
23,18-24,Nam,Nam,Nông thôn,CĐ,1437.3278447789928,low,0,0
18,18-24,Nam,Nam,Đô thị,≤THPT,4277.7305880430085,high,0,0
23,18-24,Nữ,Bắc,Nông thôn,>ĐH,10957.935137089835,high,0,0
33,30-35,Nam,Trung,Nông thôn,≤THPT,2025.8408194789242,low,0,1
18,18-24,Nữ,Nam,Đô thị,≤THPT,13499.664200802952,high,0,0
23,18-24,Nam,Nam,Nông thôn,≤THPT,1943.7005090091623,low,0,0
34,30-35,Nam,Nam,Nông thôn,≤THPT,3091.753705664091,mid,0,0
22,18-24,Nam,Nam,Nông thôn,≤THPT,4064.397385671785,high,0,1
27,25-29,Nam,Trung,Đô thị,≤THPT,2162.182220779518,low,0,0
32,30-35,Nam,Trung,Đô thị,CĐ,5478.884516572285,high,0,0
27,25-29,Nam,Trung,Đô thị,CĐ,3066.177005546914,mid,0,0
34,30-35,Nam,Bắc,Đô thị,CĐ,5244.624982828012,high,1,0
24,18-24,Nam,Nam,Nông thôn,≤THPT,1825.6861658956236,low,0,0
29,25-29,Nữ,Bắc,Nông thôn,CĐ,2260.0137920159787,low,0,0
28,25-29,Nam,Nam,Nông thôn,≤THPT,3059.8812044251404,mid,0,1
35,30-35,Nam,Nam,Đô thị,≤THPT,3352.440948063074,mid,0,0
29,25-29,Nữ,Bắc,Đô thị,≤THPT,2484.310442286,mid,0,0
23,18-24,Nam,Trung,Nông thôn,CĐ,3278.293852887048,mid,0,0
20,18-24,Nam,Trung,Nông thôn,CĐ,2766.3821566766587,mid,0,0
34,30-35,Nam,Bắc,Đô thị,≤THPT,2504.5626310784564,mid,0,0
20,18-24,Nam,Nam,Nông thôn,ĐH,3341.26109509376,mid,0,0
20,18-24,Nữ,Nam,Đô thị,≤THPT,1567.4520773881518,low,0,0
20,18-24,Nữ,Bắc,Nông thôn,ĐH,3047.8855026811066,mid,0,0
28,25-29,Nữ,Bắc,Đô thị,ĐH,5342.704605244606,high,0,0
33,30-35,Nam,Trung,Nông thôn,CĐ,5055.734755867374,high,0,0
25,25-29,Nữ,Nam,Nông thôn,CĐ,1782.6653037253711,low,0,0
26,25-29,Nam,Bắc,Đô thị,≤THPT,4707.7242032433805,high,0,1
34,30-35,Nữ,Bắc,Nông thôn,≤THPT,5786.462520201931,high,1,0
18,18-24,Nam,Trung,Nông thôn,≤THPT,2789.123826646965,mid,0,0
25,25-29,Nữ,Trung,Nông thôn,>ĐH,8614.024988104788,high,1,0
24,18-24,Nam,Bắc,Nông thôn,ĐH,3350.8213841087877,mid,0,0
24,18-24,Nam,Bắc,Nông thôn,≤THPT,1326.5016211694162,low,0,0
23,18-24,Nam,Bắc,Đô thị,ĐH,2860.0618632814167,mid,0,0
32,30-35,Nữ,Nam,Đô thị,≤THPT,3476.0142511257313,mid,0,0
29,25-29,Nam,Nam,Đô thị,ĐH,5871.016566697,high,0,0
24,18-24,Nam,Bắc,Nông thôn,ĐH,2465.890096505319,mid,0,0
22,18-24,Nữ,Nam,Đô thị,≤THPT,1847.601546476547,low,0,0
35,30-35,Nam,Bắc,Nông thôn,≤THPT,1261.8771559768174,low,0,0
34,30-35,Nam,Trung,Nông thôn,ĐH,2966.530715851064,mid,0,1
21,18-24,Nam,Nam,Đô thị,ĐH,3103.596218972987,mid,0,0
30,30-35,Nam,Bắc,Nông thôn,≤THPT,2501.522249668998,mid,1,1
32,30-35,Nam,Bắc,Đô thị,ĐH,2089.802259720608,low,0,1
23,18-24,Nữ,Nam,Nông thôn,≤THPT,6446.414006893383,high,0,0
21,18-24,Nữ,Bắc,Nông thôn,CĐ,1636.1539485002227,low,0,0
19,18-24,Nữ,Bắc,Đô thị,≤THPT,1619.136775170706,low,0,0
18,18-24,Nữ,Bắc,Nông thôn,ĐH,4583.2237028803265,high,0,0
23,18-24,Nữ,Bắc,Nông thôn,≤THPT,1027.0696156059885,low,0,0
18,18-24,Nam,Trung,Đô thị,≤THPT,1528.3948551683604,low,0,0
24,18-24,Nam,Bắc,Nông thôn,CĐ,1857.1454413680776,low,0,1
19,18-24,Nam,Trung,Đô thị,≤THPT,2633.534535725266,mid,0,0
18,18-24,Nữ,Nam,Đô thị,≤THPT,972.6147313843429,low,0,0
33,30-35,Nam,Bắc,Nông thôn,≤THPT,1901.0207325980546,low,0,0
27,25-29,Nam,Bắc,Đô thị,≤THPT,4678.226660083149,high,0,0
20,18-24,Nữ,Bắc,Đô thị,≤THPT,3001.5929947886775,mid,0,1
32,30-35,Nữ,Bắc,Đô thị,≤THPT,2547.0000141665314,mid,0,0
28,25-29,Nam,Nam,Đô thị,ĐH,3179.868048958771,mid,0,0
28,25-29,Nam,Bắc,Đô thị,>ĐH,5052.860260962196,high,0,0
19,18-24,Nam,Bắc,Đô thị,≤THPT,2120.0536922931424,low,0,0
19,18-24,Nam,Nam,Đô thị,CĐ,1856.6262284946422,low,0,0
24,18-24,Nam,Bắc,Đô thị,≤THPT,1533.3013634749811,low,0,0
27,25-29,Nam,Bắc,Nông thôn,ĐH,3589.034194424975,mid,0,0
30,30-35,Nữ,Bắc,Nông thôn,≤THPT,2708.3928833698455,mid,0,0
24,18-24,Nữ,Trung,Nông thôn,ĐH,2919.6838177531763,mid,0,0
27,25-29,Nam,Bắc,Đô thị,≤THPT,4261.366578098703,high,0,1
28,25-29,Nam,Nam,Đô thị,≤THPT,2427.2366513369975,low,1,0
28,25-29,Nam,Bắc,Nông thôn,≤THPT,1575.775984292957,low,0,0
24,18-24,Nữ,Bắc,Nông thôn,ĐH,5136.588119758943,high,0,0
28,25-29,Nam,Nam,Đô thị,≤THPT,2967.854272732351,mid,0,0
19,18-24,Nữ,Trung,Nông thôn,ĐH,1800.271182992259,low,0,0
28,25-29,Nữ,Bắc,Nông thôn,CĐ,1337.0340173228474,low,0,0
22,18-24,Nam,Bắc,Nông thôn,ĐH,1493.850448721676,low,0,0
24,18-24,Nam,Trung,Nông thôn,CĐ,3512.729268362376,mid,0,0
21,18-24,Nữ,Nam,Nông thôn,>ĐH,2429.2567983927056,low,0,0
22,18-24,Nữ,Bắc,Nông thôn,CĐ,3229.6896739647395,mid,0,0
23,18-24,Nữ,Nam,Đô thị,CĐ,3488.800677677172,mid,0,0
31,30-35,Nữ,Bắc,Nông thôn,CĐ,3642.685264793344,mid,1,0
29,25-29,Nữ,Bắc,Đô thị,≤THPT,8818.965858705875,high,0,0
30,30-35,Nữ,Bắc,Đô thị,≤THPT,1689.6532344092777,low,0,0
19,18-24,Nam,Trung,Đô thị,≤THPT,5407.798669722623,high,0,0
24,18-24,Nam,Bắc,Nông thôn,≤THPT,1730.646379491477,low,0,0
35,30-35,Nam,Nam,Nông thôn,CĐ,3350.5463805865556,mid,0,0
32,30-35,Nữ,Bắc,Đô thị,ĐH,2958.807149027569,mid,0,1
18,18-24,Nam,Trung,Đô thị,CĐ,2730.7374348213098,mid,0,0
19,18-24,Nữ,Trung,Nông thôn,≤THPT,4067.1909034263826,high,0,0
21,18-24,Nữ,Trung,Nông thôn,ĐH,1398.3597862198735,low,0,0
31,30-35,Nam,Nam,Đô thị,CĐ,2913.659173508362,mid,0,0
22,18-24,Nam,Bắc,Nông thôn,CĐ,1328.3897580817675,low,1,0
27,25-29,Nam,Bắc,Nông thôn,≤THPT,1023.9443642195747,low,1,0
19,18-24,Nam,Nam,Đô thị,≤THPT,865.9580904731287,low,0,0
18,18-24,Nữ,Trung,Nông thôn,≤THPT,2494.809816260352,mid,0,0
32,30-35,Nam,Nam,Nông thôn,≤THPT,3127.0188939651625,mid,0,1
30,30-35,Nữ,Bắc,Đô thị,≤THPT,1376.6397749304222,low,0,1
27,25-29,Nữ,Bắc,Nông thôn,CĐ,7978.739881068438,high,0,0
28,25-29,Nam,Bắc,Nông thôn,ĐH,3617.4253515980317,mid,0,0
24,18-24,Nam,Bắc,Nông thôn,>ĐH,3374.378508915702,mid,0,0
21,18-24,Nữ,Nam,Nông thôn,ĐH,7150.38036831779,high,0,0
32,30-35,Nam,Nam,Nông thôn,ĐH,3235.627257482558,mid,0,0
35,30-35,Nam,Bắc,Nông thôn,≤THPT,1771.118297373767,low,1,0
23,18-24,Nam,Nam,Đô thị,≤THPT,1458.6080334371966,low,0,0
25,25-29,Nam,Nam,Nông thôn,≤THPT,3811.8213887969573,mid,0,1
19,18-24,Nam,Bắc,Nông thôn,CĐ,1185.1372765747344,low,0,0
18,18-24,Nữ,Nam,Nông thôn,ĐH,4393.1501959259085,high,0,0
26,25-29,Nam,Bắc,Đô thị,ĐH,4925.106527183164,high,0,0
24,18-24,Nam,Nam,Nông thôn,≤THPT,2791.034754545327,mid,0,0
23,18-24,Nữ,Bắc,Đô thị,ĐH,2489.496225683464,mid,0,0
29,25-29,Nữ,Trung,Đô thị,ĐH,5295.6704843850675,high,0,0
29,25-29,Nữ,Nam,Nông thôn,≤THPT,1067.952700159372,low,0,0
19,18-24,Nữ,Bắc,Nông thôn,≤THPT,2464.5390756593492,mid,0,0
25,25-29,Nữ,Trung,Đô thị,≤THPT,3380.4652558638313,mid,0,0
25,25-29,Nữ,Bắc,Nông thôn,CĐ,2426.646149473372,low,0,0
20,18-24,Nữ,Bắc,Đô thị,≤THPT,2055.1588487536496,low,0,0
32,30-35,Nữ,Bắc,Nông thôn,CĐ,3358.8788278456486,mid,1,1
34,30-35,Nữ,Bắc,Đô thị,≤THPT,3065.701445626436,mid,0,0
25,25-29,Nữ,Nam,Nông thôn,≤THPT,943.2856761404122,low,0,0
30,30-35,Nam,Bắc,Đô thị,CĐ,1185.9328174172983,low,0,0
25,25-29,Nam,Bắc,Đô thị,≤THPT,3577.142146906252,mid,0,0
31,30-35,Nam,Bắc,Nông thôn,ĐH,3586.385400621969,mid,0,0
22,18-24,Nam,Nam,Đô thị,≤THPT,7251.93776773306,high,0,0
32,30-35,Nữ,Nam,Đô thị,ĐH,7511.384886887332,high,1,0
27,25-29,Nữ,Nam,Đô thị,ĐH,4229.158889868876,high,0,0
21,18-24,Nữ,Bắc,Đô thị,≤THPT,2164.126258899306,low,0,0
31,30-35,Nữ,Bắc,Đô thị,≤THPT,7372.061676836424,high,0,0
35,30-35,Nữ,Bắc,Đô thị,CĐ,4281.656599685037,high,0,0
24,18-24,Nam,Nam,Đô thị,≤THPT,3950.9188883644824,mid,0,0
27,25-29,Nữ,Trung,Nông thôn,CĐ,1969.1541471224707,low,0,0
28,25-29,Nam,Bắc,Đô thị,>ĐH,6485.318294763147,high,0,1
27,25-29,Nam,Bắc,Nông thôn,≤THPT,5108.180670050932,high,0,0
29,25-29,Nam,Trung,Nông thôn,≤THPT,2270.453582139481,low,0,1
33,30-35,Nữ,Bắc,Nông thôn,≤THPT,2594.9440744400945,mid,0,0
22,18-24,Nữ,Bắc,Đô thị,≤THPT,1307.4855680794972,low,0,0
31,30-35,Nam,Bắc,Đô thị,≤THPT,7000.254375534646,high,0,0
28,25-29,Nam,Trung,Nông thôn,>ĐH,1588.3875949141852,low,0,0
35,30-35,Nam,Trung,Đô thị,≤THPT,3715.6432616766583,mid,0,0
24,18-24,Nữ,Bắc,Nông thôn,CĐ,2914.452820803256,mid,0,0
29,25-29,Nữ,Nam,Nông thôn,CĐ,2860.7113519419377,mid,0,0
32,30-35,Nữ,Nam,Nông thôn,≤THPT,5851.338835169245,high,0,0
32,30-35,Nữ,Trung,Nông thôn,ĐH,5606.271201345242,high,0,0
32,30-35,Nữ,Trung,Đô thị,ĐH,4247.04409609925,high,0,0
28,25-29,Nam,Bắc,Nông thôn,≤THPT,3218.477844920001,mid,0,0
22,18-24,Nam,Nam,Đô thị,>ĐH,14938.057885155182,high,0,0
24,18-24,Nam,Nam,Nông thôn,≤THPT,2627.7994535868806,mid,1,0
22,18-24,Nữ,Bắc,Nông thôn,ĐH,5247.572181297153,high,0,0
29,25-29,Nam,Bắc,Nông thôn,≤THPT,1689.693735544848,low,0,0
34,30-35,Nữ,Trung,Nông thôn,>ĐH,9502.395379719675,high,0,0
28,25-29,Nam,Nam,Đô thị,≤THPT,4147.692653826758,high,0,0
28,25-29,Nam,Bắc,Đô thị,≤THPT,2064.661048715605,low,0,1
33,30-35,Nam,Bắc,Nông thôn,≤THPT,1491.5066771879863,low,1,0
18,18-24,Nữ,Trung,Nông thôn,≤THPT,3298.327755302711,mid,0,0
33,30-35,Nữ,Bắc,Nông thôn,≤THPT,2232.112233351263,low,0,0
22,18-24,Nữ,Trung,Nông thôn,≤THPT,8937.31076609305,high,0,0
24,18-24,Nam,Trung,Nông thôn,≤THPT,1763.671545551009,low,1,1
25,25-29,Nam,Bắc,Đô thị,CĐ,2848.3725821527173,mid,0,1
28,25-29,Nam,Bắc,Đô thị,CĐ,1795.1287052669754,low,0,0
26,25-29,Nữ,Bắc,Đô thị,≤THPT,1400.5875977588655,low,0,0
18,18-24,Nam,Nam,Nông thôn,≤THPT,897.7459149259936,low,0,0
31,30-35,Nam,Nam,Nông thôn,ĐH,4166.932484359909,high,0,0
29,25-29,Nữ,Bắc,Đô thị,≤THPT,2199.3015599789214,low,0,1
32,30-35,Nữ,Trung,Nông thôn,ĐH,5158.228163297444,high,0,0
27,25-29,Nữ,Bắc,Đô thị,ĐH,10853.028723313484,high,0,0
21,18-24,Nam,Bắc,Nông thôn,>ĐH,2183.142005922317,low,0,0
33,30-35,Nam,Trung,Nông thôn,ĐH,1308.8600324865156,low,0,0
27,25-29,Nữ,Nam,Đô thị,≤THPT,4466.356649613797,high,0,1
31,30-35,Nam,Nam,Nông thôn,ĐH,4379.223181172114,high,0,1
34,30-35,Nữ,Trung,Đô thị,≤THPT,1877.235901438831,low,1,0
23,18-24,Nam,Bắc,Nông thôn,ĐH,3793.4345648209833,mid,0,0
27,25-29,Nữ,Bắc,Nông thôn,≤THPT,1737.5089920965981,low,0,0
19,18-24,Nữ,Trung,Nông thôn,≤THPT,2150.078731233468,low,0,0
25,25-29,Nam,Nam,Nông thôn,ĐH,3549.842159744687,mid,0,0
31,30-35,Nam,Bắc,Nông thôn,≤THPT,7203.702147094944,high,0,1
23,18-24,Nam,Nam,Đô thị,ĐH,2640.95291938377,mid,0,0
33,30-35,Nữ,Nam,Đô thị,CĐ,2766.708182912424,mid,0,0
33,30-35,Nữ,Trung,Nông thôn,CĐ,2358.318099107111,low,1,0
19,18-24,Nữ,Trung,Nông thôn,≤THPT,1644.9777454528307,low,0,0
31,30-35,Nữ,Nam,Nông thôn,CĐ,1655.3207488429362,low,0,0
26,25-29,Nữ,Bắc,Nông thôn,CĐ,3123.3513701808065,mid,0,0
35,30-35,Nữ,Nam,Đô thị,≤THPT,1900.6961981518893,low,0,0
23,18-24,Nam,Bắc,Đô thị,≤THPT,2934.5444345086166,mid,0,0
34,30-35,Nam,Bắc,Nông thôn,≤THPT,6259.278052666335,high,0,1
33,30-35,Nữ,Nam,Đô thị,≤THPT,1777.4974170563169,low,0,0
21,18-24,Nam,Trung,Nông thôn,≤THPT,2083.2634900184707,low,0,0
34,30-35,Nữ,Trung,Đô thị,>ĐH,8233.061264402491,high,0,0
18,18-24,Nam,Bắc,Nông thôn,ĐH,4970.957278926801,high,0,0
28,25-29,Nữ,Bắc,Nông thôn,CĐ,1761.8822046608518,low,1,0
25,25-29,Nam,Bắc,Nông thôn,ĐH,5387.330505447698,high,0,0
27,25-29,Nam,Bắc,Đô thị,CĐ,3761.332075794745,mid,0,0
33,30-35,Nữ,Trung,Nông thôn,CĐ,3285.1090846163634,mid,0,0
30,30-35,Nữ,Nam,Nông thôn,CĐ,5768.365030094143,high,0,1
24,18-24,Nữ,Bắc,Đô thị,≤THPT,2182.8379468624607,low,0,1
24,18-24,Nữ,Trung,Đô thị,≤THPT,4356.1569222506705,high,0,0
33,30-35,Nam,Bắc,Nông thôn,CĐ,2969.112687887956,mid,0,0
21,18-24,Nam,Nam,Đô thị,≤THPT,4910.009735655984,high,0,0
35,30-35,Nam,Bắc,Đô thị,≤THPT,1838.6112827587476,low,0,0
35,30-35,Nam,Bắc,Đô thị,CĐ,1521.136158262904,low,0,0
25,25-29,Nữ,Bắc,Đô thị,CĐ,1518.269003349056,low,0,0
31,30-35,Nữ,Nam,Đô thị,≤THPT,3327.337182931008,mid,1,0
30,30-35,Nam,Trung,Đô thị,ĐH,3537.662197134165,mid,0,0
24,18-24,Nữ,Nam,Nông thôn,≤THPT,3569.1596570684897,mid,0,0
22,18-24,Nữ,Bắc,Nông thôn,CĐ,3076.130348500346,mid,0,0
29,25-29,Nữ,Trung,Nông thôn,≤THPT,2646.371627271951,mid,0,0
33,30-35,Nam,Trung,Nông thôn,ĐH,3718.5488093502736,mid,0,0
23,18-24,Nữ,Bắc,Đô thị,CĐ,1568.684246112345,low,0,0
32,30-35,Nam,Trung,Nông thôn,≤THPT,2377.8850290209325,low,0,0
34,30-35,Nữ,Trung,Đô thị,≤THPT,2741.5628672865996,mid,1,0
32,30-35,Nam,Bắc,Đô thị,ĐH,1999.1494617275744,low,0,0
34,30-35,Nam,Trung,Đô thị,>ĐH,4196.078565753841,high,0,1
18,18-24,Nam,Bắc,Nông thôn,ĐH,4235.390017875843,high,0,0
20,18-24,Nam,Nam,Đô thị,≤THPT,2969.7876382266318,mid,0,0
35,30-35,Nam,Nam,Đô thị,≤THPT,2114.9160478138006,low,0,0
31,30-35,Nam,Nam,Đô thị,≤THPT,6400.221162017688,high,0,0
34,30-35,Nam,Bắc,Nông thôn,≤THPT,7072.832976511473,high,0,0
29,25-29,Nữ,Nam,Nông thôn,≤THPT,2855.5173133373924,mid,0,0
21,18-24,Nữ,Trung,Đô thị,≤THPT,1481.4643844253765,low,0,0
32,30-35,Nữ,Nam,Nông thôn,ĐH,2510.0488049489095,mid,0,0
20,18-24,Nữ,Nam,Nông thôn,ĐH,6519.36008750278,high,0,0
18,18-24,Nữ,Nam,Nông thôn,≤THPT,5742.38570238726,high,0,0
30,30-35,Nữ,Nam,Nông thôn,≤THPT,1295.5588051120303,low,0,0
29,25-29,Nữ,Nam,Nông thôn,≤THPT,3109.100285977609,mid,0,1
22,18-24,Nam,Trung,Nông thôn,≤THPT,2552.0139638405853,mid,0,0
29,25-29,Nam,Trung,Đô thị,≤THPT,3058.236952089198,mid,0,0
22,18-24,Nam,Nam,Đô thị,≤THPT,3266.2786513602114,mid,0,0
25,25-29,Nữ,Bắc,Nông thôn,CĐ,2405.1611947611605,low,1,0
22,18-24,Nam,Trung,Nông thôn,≤THPT,4210.0438240835,high,0,0
18,18-24,Nam,Nam,Nông thôn,≤THPT,1901.4496065592173,low,0,0
32,30-35,Nam,Trung,Đô thị,≤THPT,882.2521698547768,low,0,0
32,30-35,Nam,Bắc,Nông thôn,ĐH,3255.8450024265862,mid,0,0
29,25-29,Nam,Bắc,Nông thôn,ĐH,3768.8830612887887,mid,0,0
21,18-24,Nam,Trung,Nông thôn,≤THPT,1492.881727433355,low,0,0
22,18-24,Nữ,Bắc,Nông thôn,≤THPT,930.2092941984507,low,0,0
19,18-24,Nữ,Trung,Đô thị,CĐ,3098.368096647543,mid,0,1
20,18-24,Nam,Nam,Nông thôn,≤THPT,1752.7966940984413,low,0,0
22,18-24,Nam,Nam,Nông thôn,≤THPT,3716.615677102357,mid,0,0
26,25-29,Nam,Nam,Nông thôn,≤THPT,2328.6152241655336,low,1,0
23,18-24,Nữ,Bắc,Đô thị,ĐH,3744.2760653724695,mid,0,0
33,30-35,Nam,Bắc,Đô thị,≤THPT,2677.0495835588845,mid,0,0
21,18-24,Nữ,Nam,Đô thị,ĐH,4931.108155734765,high,0,0
22,18-24,Nam,Bắc,Nông thôn,≤THPT,1857.2363650806483,low,0,0
30,30-35,Nữ,Bắc,Nông thôn,CĐ,825.2836653115613,low,1,0
33,30-35,Nam,Nam,Đô thị,≤THPT,1477.547310418804,low,0,0
21,18-24,Nữ,Trung,Đô thị,≤THPT,1914.0520552884727,low,0,0
31,30-35,Nữ,Trung,Đô thị,≤THPT,9737.967319519386,high,0,0
32,30-35,Nữ,Bắc,Đô thị,ĐH,2529.8234217191443,mid,0,0
22,18-24,Nam,Bắc,Nông thôn,≤THPT,1725.8052186692182,low,0,0
29,25-29,Nữ,Nam,Đô thị,CĐ,3687.4907641935097,mid,1,0
21,18-24,Nam,Nam,Nông thôn,ĐH,3685.511289893283,mid,0,0
23,18-24,Nữ,Bắc,Nông thôn,≤THPT,2792.590828108007,mid,0,1
22,18-24,Nữ,Nam,Nông thôn,≤THPT,2672.6103823035514,mid,0,0
18,18-24,Nam,Bắc,Đô thị,>ĐH,3588.425396619308,mid,0,0
27,25-29,Nam,Trung,Đô thị,ĐH,1788.4087510139386,low,0,0
21,18-24,Nam,Bắc,Đô thị,≤THPT,3588.374014066732,mid,0,0
25,25-29,Nam,Bắc,Đô thị,≤THPT,3483.0420782616843,mid,0,0
30,30-35,Nam,Nam,Đô thị,ĐH,4849.387657736417,high,0,0
29,25-29,Nữ,Bắc,Nông thôn,≤THPT,3152.7629627251335,mid,0,0
33,30-35,Nam,Nam,Nông thôn,≤THPT,3264.968247388919,mid,0,1
28,25-29,Nam,Nam,Đô thị,≤THPT,3182.3252974319703,mid,0,0
33,30-35,Nam,Trung,Đô thị,≤THPT,1304.928037649529,low,0,1
23,18-24,Nữ,Nam,Nông thôn,≤THPT,2478.7746710036167,mid,0,0
35,30-35,Nam,Bắc,Nông thôn,ĐH,4905.3191362777825,high,0,0
34,30-35,Nam,Bắc,Nông thôn,≤THPT,1613.8321050034078,low,1,0
29,25-29,Nữ,Bắc,Đô thị,CĐ,2938.505456860218,mid,0,0
34,30-35,Nam,Trung,Đô thị,≤THPT,2524.5384982671426,mid,0,0
21,18-24,Nữ,Nam,Nông thôn,CĐ,3277.41219476735,mid,0,0
29,25-29,Nữ,Nam,Nông thôn,≤THPT,1659.7274963579869,low,0,0
26,25-29,Nam,Bắc,Nông thôn,CĐ,1035.4598550888668,low,1,0
18,18-24,Nam,Bắc,Đô thị,CĐ,2083.3685867474787,low,0,0
20,18-24,Nam,Bắc,Đô thị,CĐ,1237.9396876568587,low,0,0
20,18-24,Nữ,Bắc,Nông thôn,ĐH,3151.668443075271,mid,0,0
30,30-35,Nữ,Bắc,Nông thôn,≤THPT,3956.2374540883975,mid,0,1
19,18-24,Nam,Bắc,Đô thị,≤THPT,1740.7990587264294,low,0,0
25,25-29,Nữ,Nam,Đô thị,ĐH,2815.816921210628,mid,0,0
28,25-29,Nữ,Bắc,Nông thôn,≤THPT,4241.063293000573,high,0,0
24,18-24,Nữ,Nam,Đô thị,≤THPT,4115.877917297265,high,0,0
21,18-24,Nữ,Nam,Đô thị,>ĐH,3009.746133464291,mid,0,0
27,25-29,Nữ,Bắc,Đô thị,≤THPT,6094.198052265027,high,0,1
22,18-24,Nữ,Bắc,Đô thị,CĐ,5893.599490453722,high,0,0
22,18-24,Nam,Nam,Đô thị,≤THPT,6551.760179897831,high,0,0
26,25-29,Nữ,Bắc,Nông thôn,≤THPT,8000.89225685297,high,0,0
24,18-24,Nữ,Bắc,Đô thị,ĐH,3093.37849337127,mid,0,0
21,18-24,Nam,Nam,Nông thôn,≤THPT,2536.3065814271054,mid,0,1
27,25-29,Nữ,Bắc,Đô thị,CĐ,6366.154806732682,high,0,0
26,25-29,Nữ,Bắc,Đô thị,≤THPT,2394.20107156817,low,0,0
32,30-35,Nữ,Nam,Đô thị,≤THPT,1916.0573714566804,low,0,1
25,25-29,Nam,Bắc,Đô thị,≤THPT,2184.1778544094564,low,0,1
31,30-35,Nam,Bắc,Nông thôn,ĐH,4079.124065925161,high,1,0
18,18-24,Nam,Nam,Nông thôn,≤THPT,2973.1093165253924,mid,0,0
20,18-24,Nam,Bắc,Đô thị,≤THPT,9147.048495561907,high,0,0
27,25-29,Nam,Bắc,Đô thị,ĐH,3209.433086537548,mid,0,0
32,30-35,Nữ,Trung,Nông thôn,>ĐH,5669.565210288765,high,0,0
20,18-24,Nam,Nam,Đô thị,CĐ,5240.895066650516,high,0,0
34,30-35,Nam,Nam,Nông thôn,CĐ,1646.5180006662383,low,0,1
35,30-35,Nữ,Nam,Nông thôn,ĐH,1579.9368676578117,low,0,0
34,30-35,Nữ,Bắc,Nông thôn,ĐH,1545.3647226393894,low,0,0
25,25-29,Nữ,Bắc,Đô thị,≤THPT,2882.5983236968436,mid,0,0
19,18-24,Nam,Trung,Nông thôn,≤THPT,1012.491004245902,low,0,0
29,25-29,Nam,Nam,Đô thị,ĐH,2106.6059309256834,low,0,0
25,25-29,Nam,Nam,Đô thị,≤THPT,3162.9814209177644,mid,0,0
31,30-35,Nữ,Trung,Đô thị,ĐH,7995.710212527306,high,0,0
23,18-24,Nữ,Bắc,Nông thôn,≤THPT,3057.0511997221743,mid,0,0
30,30-35,Nam,Trung,Đô thị,≤THPT,7654.937425972826,high,1,1
19,18-24,Nam,Nam,Đô thị,≤THPT,2157.4302470377875,low,0,0
31,30-35,Nữ,Nam,Đô thị,CĐ,3599.1228202153516,mid,0,0
23,18-24,Nam,Nam,Đô thị,CĐ,1720.256092667174,low,0,1
30,30-35,Nam,Bắc,Đô thị,ĐH,3221.875223952911,mid,0,0
29,25-29,Nam,Bắc,Đô thị,≤THPT,1688.8434051136815,low,1,1
23,18-24,Nữ,Trung,Nông thôn,≤THPT,1620.410753189072,low,0,0
34,30-35,Nữ,Bắc,Nông thôn,≤THPT,1836.3343223336299,low,0,0
21,18-24,Nam,Bắc,Nông thôn,ĐH,1998.1936176330548,low,0,0
23,18-24,Nam,Bắc,Đô thị,≤THPT,2712.656230419342,mid,0,0
19,18-24,Nữ,Bắc,Nông thôn,≤THPT,5442.3476440106315,high,0,0
31,30-35,Nam,Bắc,Nông thôn,CĐ,999.1749889334253,low,0,1
19,18-24,Nữ,Bắc,Nông thôn,≤THPT,1771.9083299841102,low,0,0
28,25-29,Nữ,Nam,Đô thị,ĐH,10977.276660871179,high,0,0
25,25-29,Nam,Nam,Đô thị,ĐH,1550.712898674162,low,0,0
30,30-35,Nữ,Bắc,Nông thôn,CĐ,3286.696755127731,mid,0,1
22,18-24,Nam,Bắc,Nông thôn,CĐ,2240.297842062307,low,0,0
30,30-35,Nam,Bắc,Nông thôn,≤THPT,2053.4974493263503,low,0,0
20,18-24,Nam,Bắc,Đô thị,ĐH,2344.8041385586885,low,0,0
24,18-24,Nữ,Bắc,Nông thôn,ĐH,2635.828581131907,mid,0,0
30,30-35,Nữ,Bắc,Đô thị,CĐ,7057.022640467648,high,0,0
29,25-29,Nam,Bắc,Nông thôn,ĐH,8063.361960564579,high,0,0
33,30-35,Nữ,Trung,Nông thôn,CĐ,2863.3349447132027,mid,1,1
32,30-35,Nam,Bắc,Đô thị,>ĐH,15039.138351377884,high,0,0
27,25-29,Nam,Nam,Đô thị,≤THPT,2701.678052578284,mid,0,0
25,25-29,Nữ,Bắc,Nông thôn,≤THPT,3309.0551175695655,mid,0,0
34,30-35,Nữ,Bắc,Đô thị,CĐ,5178.30891252719,high,0,0
24,18-24,Nam,Bắc,Nông thôn,≤THPT,3565.71476862872,mid,0,0
20,18-24,Nam,Nam,Nông thôn,≤THPT,1805.7043895910726,low,0,0
20,18-24,Nữ,Bắc,Nông thôn,ĐH,3344.2956530116253,mid,0,0
31,30-35,Nữ,Nam,Nông thôn,CĐ,1597.8583872870076,low,0,0
34,30-35,Nam,Bắc,Đô thị,ĐH,3588.639009390447,mid,0,0
31,30-35,Nam,Trung,Đô thị,>ĐH,6404.948295687329,high,0,0
25,25-29,Nam,Trung,Nông thôn,ĐH,2084.3608774328586,low,0,1
33,30-35,Nam,Nam,Đô thị,≤THPT,1596.4583370168516,low,1,0
26,25-29,Nam,Nam,Nông thôn,≤THPT,4478.796582048113,high,0,1
21,18-24,Nữ,Trung,Nông thôn,≤THPT,2237.176531203617,low,0,0
21,18-24,Nam,Bắc,Nông thôn,≤THPT,1921.937858445868,low,0,0
19,18-24,Nam,Nam,Đô thị,≤THPT,972.2517457604538,low,0,0
32,30-35,Nữ,Bắc,Đô thị,≤THPT,3767.155225992275,mid,0,0
34,30-35,Nam,Bắc,Nông thôn,ĐH,4532.668981150722,high,0,1
28,25-29,Nam,Bắc,Nông thôn,ĐH,1810.6373954538458,low,0,0
31,30-35,Nữ,Bắc,Nông thôn,≤THPT,1851.4381253301704,low,1,1
21,18-24,Nam,Bắc,Đô thị,ĐH,2999.1088592134365,mid,0,0
20,18-24,Nữ,Nam,Đô thị,≤THPT,1322.382439623312,low,0,0
19,18-24,Nam,Bắc,Đô thị,≤THPT,1093.3070701413744,low,0,0
27,25-29,Nữ,Nam,Đô thị,≤THPT,2578.243583659094,mid,0,0
26,25-29,Nam,Nam,Đô thị,≤THPT,5878.850114548478,high,0,0
30,30-35,Nam,Nam,Đô thị,≤THPT,7832.699154077903,high,0,1
24,18-24,Nữ,Bắc,Nông thôn,CĐ,2716.42387796728,mid,0,0
28,25-29,Nữ,Bắc,Nông thôn,ĐH,7661.362709108795,high,0,0
31,30-35,Nữ,Bắc,Đô thị,ĐH,3534.1418140284536,mid,0,1
28,25-29,Nam,Bắc,Nông thôn,ĐH,7318.001044970299,high,0,0
33,30-35,Nữ,Nam,Đô thị,CĐ,5919.859926149146,high,0,1
23,18-24,Nam,Bắc,Đô thị,≤THPT,1308.384333632585,low,0,0
26,25-29,Nữ,Trung,Nông thôn,>ĐH,5925.224136629837,high,0,0
29,25-29,Nữ,Bắc,Nông thôn,≤THPT,4101.910745878789,high,0,0
32,30-35,Nữ,Nam,Nông thôn,≤THPT,2085.7143249682895,low,0,1
20,18-24,Nam,Bắc,Nông thôn,≤THPT,2421.9873426452464,low,0,0
26,25-29,Nữ,Nam,Nông thôn,≤THPT,3410.441890955077,mid,0,0
32,30-35,Nam,Bắc,Đô thị,≤THPT,3886.6849417531257,mid,0,1
20,18-24,Nữ,Nam,Nông thôn,ĐH,8424.586889082235,high,0,0
31,30-35,Nữ,Bắc,Nông thôn,>ĐH,3447.2161797452686,mid,0,0
31,30-35,Nam,Bắc,Đô thị,ĐH,8431.50155250176,high,0,1
27,25-29,Nữ,Bắc,Nông thôn,≤THPT,2918.6443383880114,mid,0,0
24,18-24,Nam,Nam,Nông thôn,≤THPT,3487.0148864058465,mid,0,1
18,18-24,Nữ,Nam,Nông thôn,CĐ,1271.2668547743854,low,0,0
30,30-35,Nam,Nam,Nông thôn,≤THPT,5735.440404883931,high,0,1
26,25-29,Nữ,Bắc,Đô thị,ĐH,3511.2654451216463,mid,0,0
25,25-29,Nam,Bắc,Đô thị,≤THPT,2899.2573213221763,mid,0,0
24,18-24,Nữ,Bắc,Nông thôn,CĐ,2363.9039834915234,low,0,0
29,25-29,Nam,Nam,Đô thị,≤THPT,1755.5267616676938,low,0,1
27,25-29,Nam,Trung,Đô thị,ĐH,3381.360900423309,mid,0,0
26,25-29,Nữ,Nam,Đô thị,≤THPT,2261.61094429798,low,0,0
34,30-35,Nam,Bắc,Nông thôn,≤THPT,3691.3999382258553,mid,1,1
32,30-35,Nữ,Nam,Nông thôn,ĐH,5133.830858906271,high,1,0
31,30-35,Nam,Nam,Nông thôn,ĐH,1402.4674114032591,low,0,0
29,25-29,Nữ,Bắc,Đô thị,≤THPT,2084.621702788178,low,0,0
29,25-29,Nữ,Bắc,Nông thôn,≤THPT,5162.945841059149,high,0,0
30,30-35,Nữ,Nam,Nông thôn,≤THPT,1363.6296481450236,low,0,0
33,30-35,Nam,Nam,Đô thị,CĐ,2597.825552593716,mid,0,0
23,18-24,Nam,Trung,Nông thôn,>ĐH,2321.984555747924,low,0,0
20,18-24,Nữ,Nam,Nông thôn,ĐH,6536.13851222775,high,0,0
34,30-35,Nữ,Nam,Đô thị,≤THPT,3570.720833129676,mid,1,1
29,25-29,Nam,Bắc,Đô thị,≤THPT,965.9907785352207,low,0,0
32,30-35,Nam,Trung,Nông thôn,CĐ,2534.899775265187,mid,0,1
27,25-29,Nữ,Bắc,Đô thị,≤THPT,3052.6057534774104,mid,0,0
19,18-24,Nữ,Nam,Đô thị,≤THPT,9189.69214703269,high,0,0
18,18-24,Nam,Trung,Nông thôn,≤THPT,2478.311999442834,mid,0,0
32,30-35,Nam,Bắc,Đô thị,≤THPT,2534.573551961296,mid,0,0
28,25-29,Nữ,Bắc,Nông thôn,≤THPT,6435.639709438054,high,0,0
30,30-35,Nữ,Bắc,Đô thị,≤THPT,2902.7121303751637,mid,0,0
23,18-24,Nam,Nam,Đô thị,ĐH,4698.861019280623,high,0,0
22,18-24,Nam,Bắc,Đô thị,CĐ,3937.497434090022,mid,0,0
32,30-35,Nam,Bắc,Đô thị,≤THPT,1104.225558441246,low,0,0
18,18-24,Nữ,Trung,Nông thôn,≤THPT,3202.281500263184,mid,0,0
22,18-24,Nam,Bắc,Nông thôn,CĐ,4042.973068872788,high,0,0
21,18-24,Nữ,Bắc,Đô thị,ĐH,4264.33196220297,high,0,0
21,18-24,Nữ,Bắc,Nông thôn,≤THPT,4308.162656020992,high,0,0
32,30-35,Nữ,Nam,Đô thị,≤THPT,7768.222622991268,high,0,0
34,30-35,Nam,Bắc,Đô thị,ĐH,6282.036635067085,high,0,0
23,18-24,Nam,Bắc,Đô thị,CĐ,1268.1512169751645,low,0,0
24,18-24,Nữ,Trung,Đô thị,CĐ,2771.531007484203,mid,0,0
29,25-29,Nam,Nam,Nông thôn,≤THPT,2697.829745823665,mid,0,0
26,25-29,Nữ,Bắc,Đô thị,≤THPT,7651.67070255784,high,0,0
21,18-24,Nam,Bắc,Nông thôn,CĐ,1885.9476015330142,low,1,0
32,30-35,Nữ,Bắc,Nông thôn,≤THPT,4459.145191445603,high,0,1
21,18-24,Nam,Bắc,Nông thôn,≤THPT,5387.042426828621,high,0,0
27,25-29,Nữ,Nam,Đô thị,≤THPT,2663.793889017784,mid,0,1
26,25-29,Nữ,Bắc,Đô thị,≤THPT,1844.138210779371,low,0,1
21,18-24,Nam,Nam,Đô thị,ĐH,2033.1608091960136,low,0,0
23,18-24,Nữ,Nam,Nông thôn,≤THPT,2249.1049063466526,low,0,0
29,25-29,Nữ,Nam,Đô thị,≤THPT,1994.39270452759,low,0,0
29,25-29,Nam,Bắc,Đô thị,≤THPT,1836.9360470905394,low,0,0
26,25-29,Nữ,Bắc,Đô thị,≤THPT,3631.9960003713572,mid,0,0
18,18-24,Nam,Bắc,Đô thị,ĐH,8838.89059369052,high,0,0
25,25-29,Nữ,Nam,Đô thị,≤THPT,1381.6444129457493,low,0,0
23,18-24,Nam,Nam,Nông thôn,≤THPT,1667.0020880474262,low,0,0
26,25-29,Nữ,Bắc,Nông thôn,CĐ,1931.704310197669,low,0,0
27,25-29,Nam,Bắc,Đô thị,CĐ,2533.5637451553175,mid,0,0
20,18-24,Nữ,Nam,Nông thôn,ĐH,1968.2266982317908,low,0,0
20,18-24,Nam,Bắc,Đô thị,≤THPT,4440.7394440657845,high,0,0
31,30-35,Nữ,Bắc,Nông thôn,≤THPT,2052.7992464969775,low,0,1
21,18-24,Nam,Bắc,Nông thôn,≤THPT,6427.260620356402,high,0,0
26,25-29,Nam,Trung,Nông thôn,≤THPT,5462.745605696826,high,0,1
27,25-29,Nữ,Nam,Đô thị,ĐH,4265.099562002729,high,0,0
31,30-35,Nữ,Bắc,Nông thôn,ĐH,3507.6822212117427,mid,0,0
32,30-35,Nữ,Nam,Nông thôn,≤THPT,3390.770341868223,mid,0,0
33,30-35,Nam,Nam,Đô thị,≤THPT,1209.672469551385,low,0,0
28,25-29,Nữ,Bắc,Nông thôn,ĐH,3624.013633413984,mid,0,0
25,25-29,Nam,Bắc,Đô thị,CĐ,3017.9356732659,mid,0,0
35,30-35,Nam,Bắc,Nông thôn,≤THPT,10447.82484111846,high,1,0
21,18-24,Nam,Bắc,Đô thị,≤THPT,1738.5450956541908,low,0,0
32,30-35,Nam,Bắc,Nông thôn,CĐ,6785.846971550896,high,0,0
28,25-29,Nam,Trung,Nông thôn,CĐ,2415.224759363205,low,0,0
31,30-35,Nam,Bắc,Nông thôn,ĐH,3461.1083908874875,mid,0,1
20,18-24,Nữ,Nam,Đô thị,ĐH,2925.5172024183576,mid,0,0
30,30-35,Nam,Bắc,Nông thôn,≤THPT,1289.7457653203023,low,0,0
33,30-35,Nữ,Nam,Đô thị,ĐH,2399.474173807244,low,0,0
19,18-24,Nam,Nam,Nông thôn,≤THPT,1547.8778862465697,low,0,0
26,25-29,Nam,Nam,Nông thôn,ĐH,3878.8597446493923,mid,0,0
21,18-24,Nam,Bắc,Nông thôn,≤THPT,2382.4684323752845,low,0,1
34,30-35,Nữ,Nam,Đô thị,≤THPT,4896.202887411424,high,0,0
30,30-35,Nam,Nam,Đô thị,CĐ,2910.5630060809385,mid,0,0
28,25-29,Nam,Trung,Đô thị,≤THPT,4273.982633679827,high,0,0
30,30-35,Nữ,Nam,Nông thôn,≤THPT,2753.396918366944,mid,1,1
31,30-35,Nữ,Bắc,Nông thôn,≤THPT,2003.491997970473,low,1,0
27,25-29,Nam,Nam,Nông thôn,ĐH,6632.029356812284,high,0,0
24,18-24,Nữ,Bắc,Nông thôn,≤THPT,11548.655992339262,high,0,0
30,30-35,Nữ,Nam,Đô thị,ĐH,12040.337879675404,high,0,0
32,30-35,Nữ,Nam,Đô thị,ĐH,5796.315205413137,high,0,0
30,30-35,Nam,Nam,Đô thị,CĐ,3266.346395623688,mid,0,0
29,25-29,Nam,Trung,Đô thị,ĐH,2032.3617428513994,low,0,0
24,18-24,Nam,Bắc,Đô thị,≤THPT,2436.7841026511683,mid,0,0
21,18-24,Nam,Nam,Đô thị,CĐ,3693.293291922263,mid,0,0
18,18-24,Nữ,Nam,Đô thị,≤THPT,2093.6723697292673,low,0,0
32,30-35,Nữ,Nam,Đô thị,≤THPT,4904.504874461103,high,1,0
24,18-24,Nam,Bắc,Đô thị,≤THPT,1645.2534871015162,low,0,0
29,25-29,Nam,Nam,Nông thôn,>ĐH,7919.713749138196,high,0,0
35,30-35,Nam,Bắc,Nông thôn,≤THPT,2488.229128096906,mid,0,0
21,18-24,Nam,Bắc,Đô thị,≤THPT,9607.608586364071,high,0,0
22,18-24,Nam,Trung,Nông thôn,ĐH,2345.596500117942,low,0,0
35,30-35,Nữ,Trung,Nông thôn,≤THPT,4212.224941645318,high,1,0
32,30-35,Nữ,Nam,Nông thôn,ĐH,3049.9210582085766,mid,1,0
22,18-24,Nam,Bắc,Đô thị,≤THPT,3795.82202473732,mid,0,0
24,18-24,Nữ,Nam,Đô thị,≤THPT,5186.16637505174,high,0,0
21,18-24,Nữ,Bắc,Nông thôn,≤THPT,1649.2575484019042,low,0,0
30,30-35,Nữ,Bắc,Nông thôn,ĐH,6575.947133212987,high,1,0
18,18-24,Nữ,Bắc,Đô thị,≤THPT,4040.516718331535,high,0,0
27,25-29,Nữ,Trung,Đô thị,≤THPT,1975.9476956039948,low,0,0
23,18-24,Nam,Bắc,Nông thôn,≤THPT,6086.899022568616,high,0,0
28,25-29,Nữ,Nam,Nông thôn,≤THPT,1762.3583452131754,low,0,1
25,25-29,Nam,Nam,Đô thị,≤THPT,2382.303475531769,low,0,1
34,30-35,Nữ,Trung,Đô thị,≤THPT,3366.4473681935447,mid,0,0
31,30-35,Nữ,Bắc,Nông thôn,≤THPT,3256.76395557421,mid,1,0
30,30-35,Nữ,Bắc,Nông thôn,CĐ,3218.324121568757,mid,0,0
18,18-24,Nam,Bắc,Nông thôn,≤THPT,2499.050411194659,mid,0,0
32,30-35,Nữ,Bắc,Nông thôn,≤THPT,3450.4718782270734,mid,0,1
25,25-29,Nữ,Nam,Đô thị,ĐH,4563.846355503824,high,0,0
18,18-24,Nữ,Nam,Nông thôn,≤THPT,3211.144439262103,mid,0,0
20,18-24,Nam,Nam,Đô thị,ĐH,2169.416189256444,low,0,0
32,30-35,Nữ,Nam,Nông thôn,≤THPT,1507.3151584032148,low,0,1
34,30-35,Nữ,Bắc,Nông thôn,ĐH,2161.75878908579,low,0,0
32,30-35,Nữ,Nam,Nông thôn,≤THPT,1930.8141381920143,low,0,1
34,30-35,Nam,Nam,Nông thôn,≤THPT,3841.0503485195636,mid,0,0
20,18-24,Nam,Bắc,Nông thôn,≤THPT,4605.00383711188,high,0,0
25,25-29,Nam,Trung,Đô thị,ĐH,3082.4065419234344,mid,1,0
19,18-24,Nam,Bắc,Đô thị,≤THPT,5775.58375707052,high,1,0
23,18-24,Nam,Nam,Nông thôn,>ĐH,4694.66141067117,high,0,0
21,18-24,Nam,Bắc,Đô thị,≤THPT,5977.566569095626,high,0,0
30,30-35,Nữ,Nam,Nông thôn,≤THPT,2553.033707281604,mid,0,1
35,30-35,Nữ,Bắc,Đô thị,ĐH,2877.378788866133,mid,0,0
33,30-35,Nữ,Bắc,Đô thị,≤THPT,4772.259898932893,high,0,1
21,18-24,Nữ,Trung,Nông thôn,>ĐH,2425.691575951821,low,0,0
28,25-29,Nữ,Bắc,Đô thị,ĐH,2594.9298560798384,mid,0,0
34,30-35,Nữ,Trung,Đô thị,ĐH,2428.805278778731,low,0,0
24,18-24,Nữ,Bắc,Đô thị,ĐH,3446.340301837143,mid,0,0
32,30-35,Nữ,Bắc,Nông thôn,ĐH,4333.683512994016,high,0,1
25,25-29,Nữ,Bắc,Đô thị,ĐH,6388.649142021733,high,0,0
30,30-35,Nữ,Nam,Nông thôn,ĐH,4849.548910086832,high,0,1
25,25-29,Nữ,Nam,Đô thị,≤THPT,2237.004608600612,low,0,0
23,18-24,Nam,Bắc,Đô thị,ĐH,20724.388273541754,high,0,0
18,18-24,Nữ,Bắc,Đô thị,CĐ,3528.84821646511,mid,0,0
23,18-24,Nam,Nam,Đô thị,ĐH,4100.1639856405545,high,0,0
27,25-29,Nữ,Bắc,Nông thôn,≤THPT,2658.285036947587,mid,0,0
21,18-24,Nam,Nam,Đô thị,≤THPT,1973.8502844530938,low,0,0
32,30-35,Nam,Nam,Nông thôn,≤THPT,1751.1342410410514,low,0,0
22,18-24,Nữ,Bắc,Nông thôn,≤THPT,1854.3357836702523,low,0,0
22,18-24,Nữ,Trung,Đô thị,≤THPT,862.8135504407467,low,0,0
22,18-24,Nữ,Bắc,Nông thôn,ĐH,2179.5288323023883,low,0,0
29,25-29,Nữ,Bắc,Đô thị,ĐH,4936.096823600874,high,0,0
21,18-24,Nam,Bắc,Đô thị,CĐ,2873.8702719878875,mid,0,0
22,18-24,Nữ,Bắc,Nông thôn,CĐ,4432.356921231008,high,0,0
35,30-35,Nam,Trung,Đô thị,ĐH,4303.113181756819,high,0,0
18,18-24,Nữ,Bắc,Đô thị,≤THPT,3366.7897312234313,mid,0,0
22,18-24,Nam,Bắc,Đô thị,≤THPT,3185.2830062793405,mid,0,0
33,30-35,Nữ,Nam,Nông thôn,CĐ,2677.3398978580813,mid,0,0
18,18-24,Nữ,Bắc,Đô thị,≤THPT,9429.523859440505,high,0,0
28,25-29,Nữ,Nam,Nông thôn,CĐ,3682.366872585336,mid,0,0
18,18-24,Nam,Bắc,Đô thị,CĐ,2909.161758499518,mid,0,0
24,18-24,Nữ,Bắc,Nông thôn,CĐ,846.4001903127123,low,1,0
26,25-29,Nam,Nam,Nông thôn,ĐH,1326.0786141165045,low,0,0
30,30-35,Nữ,Trung,Đô thị,≤THPT,2217.641204590687,low,0,0
29,25-29,Nam,Nam,Nông thôn,≤THPT,3211.7669719720584,mid,0,0
29,25-29,Nữ,Bắc,Nông thôn,ĐH,1876.7226785207752,low,0,0
19,18-24,Nữ,Nam,Đô thị,≤THPT,1351.7296945357523,low,0,0
29,25-29,Nữ,Nam,Nông thôn,≤THPT,3982.165792004879,mid,1,0
24,18-24,Nữ,Trung,Nông thôn,≤THPT,1899.5080317054683,low,0,0
19,18-24,Nam,Bắc,Đô thị,CĐ,2455.333570616142,mid,0,0
21,18-24,Nữ,Nam,Đô thị,ĐH,3254.452264034507,mid,0,0
21,18-24,Nam,Trung,Đô thị,ĐH,4096.820755179151,high,0,0
29,25-29,Nữ,Nam,Nông thôn,≤THPT,3360.045365168685,mid,1,0
25,25-29,Nam,Nam,Đô thị,≤THPT,2251.533824696688,low,0,0
30,30-35,Nữ,Trung,Nông thôn,>ĐH,4452.370153787068,high,0,0
34,30-35,Nam,Trung,Nông thôn,CĐ,2022.668319763688,low,1,0
18,18-24,Nam,Trung,Nông thôn,≤THPT,1987.3460493380294,low,0,0
27,25-29,Nữ,Trung,Đô thị,≤THPT,1743.4496283002018,low,0,0
26,25-29,Nam,Bắc,Nông thôn,ĐH,1717.3317398653614,low,0,1
21,18-24,Nữ,Trung,Nông thôn,≤THPT,1460.8855345740603,low,0,0
35,30-35,Nữ,Bắc,Đô thị,>ĐH,6659.757120151156,high,0,0
34,30-35,Nam,Trung,Đô thị,≤THPT,1519.2435966466833,low,0,0
27,25-29,Nam,Bắc,Nông thôn,≤THPT,2492.0409161566627,mid,0,0
21,18-24,Nam,Bắc,Đô thị,≤THPT,3376.0077511047334,mid,0,0
34,30-35,Nam,Bắc,Đô thị,ĐH,5016.2345628225185,high,0,0
35,30-35,Nam,Bắc,Đô thị,ĐH,5204.027169921832,high,0,0
27,25-29,Nam,Bắc,Nông thôn,CĐ,4495.64539795441,high,1,0
30,30-35,Nữ,Nam,Nông thôn,ĐH,6436.000732928783,high,0,0
25,25-29,Nữ,Nam,Nông thôn,CĐ,8121.156709959168,high,0,0
30,30-35,Nữ,Bắc,Nông thôn,CĐ,5492.539583896043,high,0,0
23,18-24,Nam,Nam,Nông thôn,CĐ,3602.397939305212,mid,0,0
29,25-29,Nữ,Trung,Nông thôn,≤THPT,5873.347626161929,high,0,1
20,18-24,Nam,Bắc,Nông thôn,≤THPT,5553.791646381726,high,0,0
28,25-29,Nam,Bắc,Nông thôn,≤THPT,4767.655984486108,high,0,0
24,18-24,Nam,Nam,Nông thôn,ĐH,1194.2404581947942,low,0,0
18,18-24,Nữ,Nam,Nông thôn,ĐH,1224.7636939317156,low,0,0
27,25-29,Nam,Nam,Nông thôn,≤THPT,2113.49718646378,low,0,0
32,30-35,Nam,Nam,Nông thôn,≤THPT,4642.011987034949,high,0,0
30,30-35,Nữ,Nam,Nông thôn,ĐH,5012.7838204828095,high,0,0
28,25-29,Nam,Trung,Đô thị,ĐH,1974.222291963932,low,0,0
32,30-35,Nam,Trung,Đô thị,CĐ,1633.8326447978993,low,0,0
23,18-24,Nữ,Trung,Nông thôn,ĐH,4060.2777961118445,high,0,0
29,25-29,Nam,Bắc,Đô thị,ĐH,2608.4772956233,mid,0,0
25,25-29,Nữ,Nam,Nông thôn,CĐ,2440.7363300616053,mid,1,1
25,25-29,Nữ,Nam,Nông thôn,≤THPT,3136.2244249580876,mid,0,0
27,25-29,Nam,Bắc,Nông thôn,≤THPT,4652.455503131165,high,0,0
27,25-29,Nam,Bắc,Nông thôn,ĐH,1160.3090622039492,low,0,0
26,25-29,Nam,Nam,Nông thôn,CĐ,4203.247642068874,high,0,1
30,30-35,Nam,Bắc,Nông thôn,CĐ,2338.0694098656927,low,0,1
35,30-35,Nam,Trung,Nông thôn,ĐH,4319.190965816411,high,1,0
35,30-35,Nam,Bắc,Nông thôn,≤THPT,2429.0863969767297,low,0,1
27,25-29,Nữ,Nam,Đô thị,CĐ,6012.902336719537,high,0,0
28,25-29,Nam,Bắc,Đô thị,≤THPT,1563.6347181915576,low,0,0
23,18-24,Nữ,Nam,Đô thị,≤THPT,1334.170381404988,low,0,0
18,18-24,Nữ,Bắc,Nông thôn,ĐH,5340.74958011176,high,0,0
18,18-24,Nữ,Bắc,Đô thị,ĐH,2406.174563355908,low,0,0
19,18-24,Nam,Nam,Nông thôn,ĐH,2702.444638955228,mid,0,0
19,18-24,Nữ,Bắc,Đô thị,≤THPT,3355.3904980338193,mid,0,0
35,30-35,Nam,Bắc,Nông thôn,ĐH,2366.9366954132606,low,0,1
30,30-35,Nữ,Bắc,Đô thị,≤THPT,5360.396081768891,high,0,0
20,18-24,Nữ,Bắc,Đô thị,ĐH,8074.1968631504105,high,0,0
19,18-24,Nữ,Nam,Nông thôn,≤THPT,1012.219549776363,low,0,0
23,18-24,Nữ,Trung,Nông thôn,≤THPT,5014.210922944639,high,0,1
22,18-24,Nữ,Trung,Nông thôn,ĐH,5558.264855786766,high,0,0
28,25-29,Nữ,Nam,Đô thị,ĐH,1394.0531361385981,low,0,0
26,25-29,Nữ,Bắc,Nông thôn,≤THPT,4462.769983825997,high,0,0
27,25-29,Nữ,Trung,Đô thị,ĐH,4759.501497060721,high,0,0
27,25-29,Nam,Bắc,Nông thôn,ĐH,3299.657315359294,mid,0,0
21,18-24,Nữ,Bắc,Nông thôn,ĐH,2042.3533894426002,low,0,0
19,18-24,Nam,Trung,Nông thôn,ĐH,2705.1129186179865,mid,0,0
26,25-29,Nam,Bắc,Đô thị,ĐH,1906.2856630566748,low,0,0
30,30-35,Nam,Trung,Đô thị,≤THPT,2563.2360585427223,mid,0,0
26,25-29,Nam,Bắc,Nông thôn,≤THPT,2684.204009031401,mid,1,0
24,18-24,Nữ,Bắc,Nông thôn,≤THPT,4435.917350123779,high,0,0
18,18-24,Nữ,Bắc,Nông thôn,>ĐH,4791.6334429542585,high,0,0
34,30-35,Nữ,Bắc,Nông thôn,CĐ,3037.337886419319,mid,1,1
19,18-24,Nữ,Trung,Nông thôn,≤THPT,3786.941791304468,mid,0,0
19,18-24,Nam,Trung,Nông thôn,ĐH,1467.3420917152537,low,0,0
23,18-24,Nữ,Bắc,Nông thôn,CĐ,1170.4706503044924,low,0,0
18,18-24,Nam,Bắc,Nông thôn,≤THPT,2870.4003314804663,mid,0,0
34,30-35,Nữ,Bắc,Đô thị,≤THPT,2148.6948289198604,low,0,0
35,30-35,Nữ,Nam,Nông thôn,≤THPT,6984.60005438117,high,0,0
29,25-29,Nữ,Bắc,Nông thôn,≤THPT,2593.7508670216876,mid,0,0
26,25-29,Nữ,Nam,Nông thôn,≤THPT,1775.9563255095952,low,0,0
28,25-29,Nữ,Bắc,Đô thị,CĐ,5348.471476274757,high,0,0
21,18-24,Nữ,Bắc,Đô thị,≤THPT,4815.747659204814,high,0,0
35,30-35,Nữ,Bắc,Đô thị,≤THPT,1770.6875542318285,low,0,0
35,30-35,Nữ,Nam,Nông thôn,≤THPT,7132.943540683836,high,0,1
32,30-35,Nữ,Nam,Nông thôn,ĐH,4986.975511204914,high,1,0
21,18-24,Nữ,Bắc,Đô thị,CĐ,2201.6920056379226,low,0,0
20,18-24,Nam,Nam,Nông thôn,CĐ,745.6725483226988,low,0,0
26,25-29,Nam,Nam,Đô thị,ĐH,3376.885048529583,mid,0,0
19,18-24,Nữ,Bắc,Nông thôn,≤THPT,1934.4556069475702,low,0,0
22,18-24,Nam,Nam,Đô thị,≤THPT,1246.9949964272143,low,0,0
21,18-24,Nam,Nam,Đô thị,>ĐH,6737.447876169911,high,0,0
34,30-35,Nam,Nam,Đô thị,ĐH,3942.136367944398,mid,0,1
23,18-24,Nam,Nam,Nông thôn,ĐH,2950.2670528890567,mid,0,0
20,18-24,Nữ,Bắc,Đô thị,≤THPT,6624.904310038025,high,0,0
30,30-35,Nam,Bắc,Nông thôn,≤THPT,9809.292431473345,high,0,1
31,30-35,Nữ,Bắc,Nông thôn,ĐH,2214.398875187236,low,1,0
24,18-24,Nữ,Nam,Đô thị,≤THPT,6728.044979883883,high,0,0
28,25-29,Nam,Nam,Nông thôn,CĐ,2693.273250211119,mid,0,1
23,18-24,Nữ,Nam,Nông thôn,CĐ,7623.853821967592,high,0,0
35,30-35,Nam,Trung,Đô thị,≤THPT,4412.563961056238,high,0,0
24,18-24,Nam,Bắc,Đô thị,CĐ,6119.888017851051,high,0,0
20,18-24,Nam,Trung,Nông thôn,≤THPT,1942.873770432149,low,1,0
19,18-24,Nữ,Nam,Đô thị,ĐH,7113.010310312578,high,0,0
22,18-24,Nam,Bắc,Đô thị,≤THPT,4469.9747172036205,high,0,0
34,30-35,Nữ,Bắc,Nông thôn,ĐH,2678.759963385771,mid,0,0
29,25-29,Nam,Bắc,Nông thôn,≤THPT,1977.5365733807291,low,0,0
21,18-24,Nữ,Bắc,Nông thôn,≤THPT,2602.601325247677,mid,0,0
33,30-35,Nữ,Bắc,Nông thôn,ĐH,1461.5793599521717,low,0,1
30,30-35,Nam,Bắc,Nông thôn,≤THPT,3985.928256886846,mid,0,0
31,30-35,Nam,Bắc,Nông thôn,≤THPT,2396.341613717402,low,1,0
28,25-29,Nam,Bắc,Nông thôn,≤THPT,7161.157040721477,high,0,0
19,18-24,Nữ,Nam,Nông thôn,ĐH,1793.3472125595474,low,0,0
21,18-24,Nữ,Nam,Nông thôn,>ĐH,6678.417140459011,high,0,0
19,18-24,Nữ,Bắc,Nông thôn,CĐ,5459.275904789301,high,0,0
30,30-35,Nữ,Bắc,Nông thôn,CĐ,5483.1178863343,high,1,1
27,25-29,Nam,Bắc,Đô thị,≤THPT,2537.4305300062,mid,0,0
30,30-35,Nữ,Bắc,Đô thị,CĐ,7599.230879899469,high,0,0
26,25-29,Nam,Bắc,Đô thị,ĐH,2563.4497843200893,mid,0,0
29,25-29,Nữ,Nam,Đô thị,≤THPT,1243.1622607589452,low,0,0
27,25-29,Nam,Trung,Đô thị,≤THPT,5285.93659513572,high,0,0
35,30-35,Nam,Bắc,Đô thị,≤THPT,2544.94558979309,mid,0,0
24,18-24,Nam,Nam,Nông thôn,≤THPT,2309.0944172253376,low,0,0
22,18-24,Nữ,Bắc,Nông thôn,ĐH,5253.287767849982,high,1,0
18,18-24,Nam,Bắc,Nông thôn,ĐH,6928.813389514113,high,0,0
25,25-29,Nữ,Bắc,Nông thôn,≤THPT,2797.9026585610836,mid,0,1
20,18-24,Nữ,Nam,Đô thị,ĐH,1505.990076582258,low,0,0
26,25-29,Nam,Trung,Nông thôn,≤THPT,1416.388844716051,low,0,0
21,18-24,Nam,Nam,Đô thị,≤THPT,4392.404847244749,high,0,0
23,18-24,Nam,Bắc,Đô thị,>ĐH,5757.563445811668,high,0,0
22,18-24,Nữ,Trung,Nông thôn,ĐH,5478.601371049004,high,0,0
33,30-35,Nam,Bắc,Nông thôn,≤THPT,1536.879275553731,low,0,0
28,25-29,Nữ,Bắc,Nông thôn,CĐ,1840.9534764546822,low,0,0
28,25-29,Nam,Bắc,Nông thôn,≤THPT,5954.633732502819,high,0,1
32,30-35,Nam,Bắc,Nông thôn,≤THPT,3249.6382251187483,mid,0,1
35,30-35,Nữ,Bắc,Nông thôn,≤THPT,2121.4703168044066,low,0,0
26,25-29,Nam,Trung,Đô thị,≤THPT,4994.06709000354,high,0,0
34,30-35,Nam,Bắc,Nông thôn,≤THPT,3057.5473792657417,mid,1,0
20,18-24,Nam,Trung,Nông thôn,ĐH,3017.606327056344,mid,0,0
18,18-24,Nữ,Bắc,Đô thị,CĐ,3371.6746900877715,mid,0,0
22,18-24,Nữ,Trung,Nông thôn,CĐ,1639.541742634233,low,0,0
33,30-35,Nam,Trung,Đô thị,ĐH,2715.4214797965897,mid,0,0
24,18-24,Nữ,Bắc,Đô thị,≤THPT,2518.2275199633796,mid,0,0
34,30-35,Nam,Bắc,Đô thị,≤THPT,2651.910545013814,mid,0,0
34,30-35,Nam,Bắc,Nông thôn,CĐ,3739.825449451599,mid,0,1
22,18-24,Nữ,Bắc,Đô thị,≤THPT,2700.4299215275423,mid,0,0
31,30-35,Nam,Bắc,Đô thị,CĐ,6783.127760211684,high,0,0
29,25-29,Nam,Bắc,Nông thôn,≤THPT,2067.575393746477,low,0,1
27,25-29,Nữ,Bắc,Nông thôn,≤THPT,4183.191533235901,high,0,1
32,30-35,Nam,Nam,Đô thị,≤THPT,1594.0761689144963,low,0,0
33,30-35,Nữ,Nam,Đô thị,≤THPT,2856.1426086635524,mid,0,0
31,30-35,Nữ,Bắc,Nông thôn,ĐH,2127.482261762784,low,0,0
20,18-24,Nữ,Trung,Nông thôn,≤THPT,3173.01249264043,mid,0,0
31,30-35,Nữ,Bắc,Đô thị,ĐH,6556.5558361125895,high,0,0
21,18-24,Nam,Trung,Đô thị,ĐH,3581.404174567938,mid,0,0
31,30-35,Nam,Trung,Nông thôn,CĐ,1451.0046453421944,low,0,1
29,25-29,Nữ,Nam,Nông thôn,>ĐH,7621.803611816828,high,0,0
35,30-35,Nữ,Bắc,Nông thôn,≤THPT,6396.410335191311,high,0,0
35,30-35,Nam,Nam,Nông thôn,CĐ,3981.7056970351723,mid,0,1
19,18-24,Nam,Bắc,Đô thị,≤THPT,7919.25921847092,high,0,0
22,18-24,Nữ,Bắc,Đô thị,ĐH,8866.91290180071,high,0,0
18,18-24,Nữ,Trung,Đô thị,ĐH,6853.192034539016,high,0,0
22,18-24,Nam,Trung,Đô thị,CĐ,1220.771057197608,low,0,0
23,18-24,Nữ,Nam,Nông thôn,CĐ,4879.305821697398,high,0,0
35,30-35,Nữ,Bắc,Đô thị,ĐH,4566.151832583511,high,0,0
22,18-24,Nữ,Trung,Nông thôn,ĐH,10536.950295966319,high,0,0
20,18-24,Nữ,Nam,Đô thị,ĐH,5746.808302294732,high,0,0
25,25-29,Nam,Bắc,Đô thị,>ĐH,8564.758153261733,high,0,0
25,25-29,Nam,Bắc,Nông thôn,ĐH,7662.2276157718525,high,1,0
30,30-35,Nữ,Bắc,Nông thôn,ĐH,1813.7134049869062,low,0,0
30,30-35,Nam,Bắc,Nông thôn,ĐH,6210.975386168706,high,0,0
22,18-24,Nữ,Trung,Đô thị,ĐH,3410.6106392876986,mid,0,0
23,18-24,Nữ,Nam,Nông thôn,>ĐH,5356.804509923866,high,0,0
20,18-24,Nam,Trung,Đô thị,≤THPT,1144.939930065353,low,0,0
35,30-35,Nữ,Bắc,Nông thôn,≤THPT,3522.928873068773,mid,0,0
26,25-29,Nam,Nam,Đô thị,≤THPT,2401.8706510428087,low,1,0
29,25-29,Nam,Bắc,Đô thị,CĐ,4259.441863327918,high,0,0
32,30-35,Nam,Bắc,Đô thị,≤THPT,1815.4511580183882,low,0,0
31,30-35,Nữ,Bắc,Đô thị,≤THPT,3296.640547757956,mid,0,0
35,30-35,Nữ,Bắc,Đô thị,≤THPT,2655.8445884794523,mid,0,0
27,25-29,Nữ,Trung,Nông thôn,CĐ,1522.1439006577023,low,0,0
19,18-24,Nam,Trung,Đô thị,ĐH,2238.870841555783,low,0,0
34,30-35,Nam,Bắc,Đô thị,CĐ,4619.3803045590685,high,0,0
27,25-29,Nữ,Bắc,Nông thôn,≤THPT,2336.240670100071,low,0,0
28,25-29,Nữ,Trung,Nông thôn,CĐ,2058.628089379817,low,1,1
29,25-29,Nữ,Bắc,Đô thị,>ĐH,5279.686246905945,high,0,0
24,18-24,Nam,Bắc,Đô thị,ĐH,2141.7711654150803,low,0,0
29,25-29,Nam,Nam,Đô thị,ĐH,3447.6729013160843,mid,0,0
30,30-35,Nữ,Bắc,Đô thị,CĐ,1679.3038784641788,low,0,0
19,18-24,Nữ,Bắc,Nông thôn,≤THPT,2532.044157438842,mid,0,0
22,18-24,Nam,Nam,Nông thôn,≤THPT,1973.2209935848132,low,0,0
24,18-24,Nam,Bắc,Nông thôn,CĐ,1914.2831085342038,low,0,0
28,25-29,Nữ,Nam,Nông thôn,≤THPT,2950.559836166332,mid,1,0
32,30-35,Nữ,Bắc,Nông thôn,ĐH,5964.6076959532775,high,0,0
20,18-24,Nam,Nam,Đô thị,>ĐH,5238.534885967358,high,0,0
32,30-35,Nam,Bắc,Nông thôn,CĐ,1616.5317758046112,low,0,1
25,25-29,Nam,Nam,Đô thị,CĐ,5016.7678816209755,high,0,0
23,18-24,Nữ,Nam,Đô thị,≤THPT,2611.567842798097,mid,0,0
31,30-35,Nam,Bắc,Đô thị,≤THPT,899.4159439173956,low,0,0
19,18-24,Nam,Bắc,Nông thôn,≤THPT,2079.168069012237,low,0,0
19,18-24,Nam,Trung,Nông thôn,≤THPT,1754.8712420305367,low,0,0
24,18-24,Nữ,Bắc,Nông thôn,≤THPT,1311.225884515625,low,0,0
22,18-24,Nữ,Nam,Đô thị,≤THPT,2352.3575904482764,low,0,0
25,25-29,Nữ,Trung,Nông thôn,≤THPT,4008.058596464405,mid,0,0
28,25-29,Nam,Bắc,Đô thị,ĐH,2971.572003646304,mid,0,0
22,18-24,Nam,Bắc,Nông thôn,ĐH,3017.228137677235,mid,0,0
31,30-35,Nữ,Bắc,Đô thị,CĐ,5742.60701443347,high,0,0
27,25-29,Nam,Nam,Đô thị,≤THPT,4039.2185186859406,high,0,1
35,30-35,Nam,Nam,Đô thị,≤THPT,4778.2378044965835,high,1,0
19,18-24,Nữ,Nam,Nông thôn,CĐ,5381.825703215803,high,0,0
35,30-35,Nữ,Bắc,Đô thị,ĐH,4140.610587367501,high,0,0
22,18-24,Nam,Nam,Đô thị,ĐH,3831.909908964124,mid,0,0
32,30-35,Nam,Trung,Nông thôn,≤THPT,2054.6520991939046,low,0,0
19,18-24,Nam,Nam,Đô thị,≤THPT,2955.894710038373,mid,0,0
21,18-24,Nữ,Nam,Đô thị,ĐH,2910.0909928386795,mid,0,0
26,25-29,Nữ,Bắc,Đô thị,ĐH,1456.6567781326735,low,0,0
31,30-35,Nam,Bắc,Đô thị,CĐ,1435.6828428222143,low,0,1
22,18-24,Nữ,Nam,Nông thôn,CĐ,2897.9313313673583,mid,0,0
29,25-29,Nam,Nam,Đô thị,≤THPT,2437.0767785241187,mid,0,0
19,18-24,Nữ,Trung,Nông thôn,CĐ,1710.7301619349453,low,0,0
24,18-24,Nữ,Nam,Đô thị,CĐ,1623.7160407344738,low,0,0
27,25-29,Nam,Nam,Nông thôn,CĐ,2282.336430139395,low,0,1
28,25-29,Nam,Bắc,Nông thôn,≤THPT,3727.8296022186337,mid,0,1
19,18-24,Nữ,Trung,Nông thôn,≤THPT,2385.874239891681,low,0,1
35,30-35,Nữ,Trung,Đô thị,ĐH,4515.309455589996,high,0,0
18,18-24,Nam,Trung,Nông thôn,≤THPT,5125.099314679305,high,1,0
26,25-29,Nữ,Trung,Đô thị,≤THPT,8672.563224946636,high,0,0
26,25-29,Nữ,Bắc,Nông thôn,ĐH,2973.122874191878,mid,0,0
31,30-35,Nam,Nam,Nông thôn,>ĐH,11809.419897936294,high,1,0
30,30-35,Nam,Bắc,Nông thôn,≤THPT,2088.7597190549986,low,0,1
22,18-24,Nữ,Bắc,Nông thôn,ĐH,5197.407716140452,high,0,0
29,25-29,Nữ,Nam,Đô thị,≤THPT,2028.4031656181728,low,0,0
34,30-35,Nữ,Nam,Nông thôn,≤THPT,2119.6476443842066,low,1,1
35,30-35,Nữ,Bắc,Nông thôn,ĐH,3940.402899958106,mid,1,0
35,30-35,Nam,Bắc,Nông thôn,ĐH,5854.44016730238,high,0,1
33,30-35,Nữ,Bắc,Đô thị,ĐH,2195.3370221795376,low,0,1
32,30-35,Nữ,Trung,Nông thôn,≤THPT,1216.980767746423,low,0,0
20,18-24,Nam,Nam,Nông thôn,ĐH,4763.171269552236,high,0,0
26,25-29,Nữ,Bắc,Nông thôn,≤THPT,2609.378291749909,mid,0,0
35,30-35,Nữ,Nam,Nông thôn,≤THPT,3188.464346006609,mid,0,0
23,18-24,Nữ,Nam,Nông thôn,ĐH,10467.158468532472,high,0,0
31,30-35,Nam,Bắc,Nông thôn,ĐH,5039.0940086672435,high,0,0
30,30-35,Nam,Bắc,Đô thị,≤THPT,2206.1346902306,low,0,0
23,18-24,Nữ,Trung,Nông thôn,≤THPT,4545.820038098171,high,1,0
27,25-29,Nữ,Bắc,Đô thị,>ĐH,5769.013471331963,high,0,0
34,30-35,Nam,Trung,Nông thôn,CĐ,1555.4648647146018,low,1,0
22,18-24,Nữ,Bắc,Đô thị,ĐH,7472.554723490835,high,0,0
20,18-24,Nam,Trung,Nông thôn,≤THPT,1876.4536579222765,low,0,1
20,18-24,Nữ,Bắc,Nông thôn,>ĐH,5684.240581668754,high,1,0
33,30-35,Nữ,Trung,Nông thôn,≤THPT,5781.084446143375,high,0,1
18,18-24,Nam,Nam,Nông thôn,ĐH,2535.3738611143926,mid,0,0
24,18-24,Nam,Trung,Nông thôn,≤THPT,1267.0729993998846,low,0,0
18,18-24,Nữ,Trung,Nông thôn,CĐ,3271.7997782411303,mid,0,0
30,30-35,Nam,Bắc,Đô thị,≤THPT,1518.0498241481528,low,0,0
18,18-24,Nam,Bắc,Đô thị,CĐ,5559.678580991834,high,0,0
29,25-29,Nữ,Nam,Nông thôn,CĐ,2026.3903136432143,low,0,1
26,25-29,Nam,Trung,Nông thôn,≤THPT,4756.192523858066,high,0,0
18,18-24,Nữ,Bắc,Nông thôn,CĐ,2515.571242783917,mid,0,0
30,30-35,Nam,Trung,Nông thôn,≤THPT,2336.572072917783,low,1,0
22,18-24,Nữ,Bắc,Nông thôn,CĐ,4248.963878685052,high,0,0
30,30-35,Nam,Bắc,Đô thị,≤THPT,3578.378843538348,mid,0,0
19,18-24,Nam,Bắc,Đô thị,≤THPT,6128.402921009967,high,0,0
30,30-35,Nữ,Nam,Đô thị,CĐ,8516.431951826833,high,1,0
26,25-29,Nữ,Trung,Nông thôn,CĐ,2992.6312394281495,mid,0,0
21,18-24,Nữ,Nam,Nông thôn,≤THPT,1456.7881170857104,low,0,0
21,18-24,Nam,Bắc,Nông thôn,≤THPT,4412.996450266517,high,1,0
26,25-29,Nam,Nam,Nông thôn,CĐ,2165.82991531493,low,0,0
25,25-29,Nam,Trung,Đô thị,≤THPT,2069.4686094921326,low,0,0
32,30-35,Nam,Nam,Nông thôn,>ĐH,9312.034056972669,high,0,0
35,30-35,Nam,Trung,Nông thôn,≤THPT,2630.709851230405,mid,1,1
29,25-29,Nữ,Trung,Nông thôn,≤THPT,933.1326715360585,low,0,0
34,30-35,Nam,Nam,Nông thôn,ĐH,2849.73746779017,mid,1,0
29,25-29,Nữ,Trung,Nông thôn,CĐ,1287.6301160177209,low,0,1
24,18-24,Nam,Nam,Nông thôn,≤THPT,1859.5528544126666,low,0,0
19,18-24,Nữ,Nam,Nông thôn,≤THPT,2071.1875013880162,low,0,0
31,30-35,Nam,Nam,Đô thị,≤THPT,5342.640173627465,high,0,1
21,18-24,Nữ,Nam,Đô thị,≤THPT,3338.7242111788573,mid,0,0
27,25-29,Nữ,Nam,Nông thôn,ĐH,5140.619000032205,high,0,0
26,25-29,Nữ,Nam,Đô thị,ĐH,2397.640252139619,low,0,0
34,30-35,Nữ,Nam,Nông thôn,≤THPT,11585.028180958436,high,0,0
18,18-24,Nữ,Nam,Nông thôn,CĐ,3820.5823626301353,mid,0,0
20,18-24,Nữ,Nam,Nông thôn,CĐ,2716.6201204624663,mid,0,0
29,25-29,Nữ,Trung,Nông thôn,≤THPT,3181.380829068629,mid,1,0
21,18-24,Nữ,Bắc,Nông thôn,CĐ,5182.357658243323,high,0,0
35,30-35,Nam,Bắc,Nông thôn,≤THPT,874.6310278717275,low,0,0
25,25-29,Nữ,Nam,Nông thôn,ĐH,4043.1878605985794,high,0,0
21,18-24,Nam,Bắc,Đô thị,≤THPT,822.5876974038441,low,0,0
23,18-24,Nam,Bắc,Nông thôn,≤THPT,2120.7088692826583,low,0,0
20,18-24,Nam,Trung,Đô thị,≤THPT,4229.933523249427,high,0,1
33,30-35,Nam,Nam,Đô thị,CĐ,1288.030505753482,low,0,1
30,30-35,Nữ,Bắc,Đô thị,ĐH,4722.8104760599645,high,0,0
24,18-24,Nữ,Bắc,Nông thôn,≤THPT,2015.833183972144,low,0,0
29,25-29,Nữ,Bắc,Nông thôn,ĐH,7316.698999420982,high,0,0
25,25-29,Nữ,Bắc,Đô thị,≤THPT,3182.2141264631528,mid,0,0
26,25-29,Nam,Nam,Đô thị,≤THPT,6156.733468182569,high,0,1
21,18-24,Nam,Nam,Đô thị,ĐH,4326.657997474311,high,0,0
33,30-35,Nam,Bắc,Nông thôn,≤THPT,1346.979994665579,low,1,0
24,18-24,Nữ,Nam,Đô thị,≤THPT,2925.44002137202,mid,0,0
29,25-29,Nam,Bắc,Nông thôn,ĐH,4057.4967966532613,high,1,1
19,18-24,Nữ,Bắc,Nông thôn,≤THPT,2433.870123277472,mid,0,0
35,30-35,Nam,Bắc,Nông thôn,ĐH,9169.58477706731,high,1,0
29,25-29,Nam,Bắc,Nông thôn,≤THPT,1321.2662172630853,low,0,1
20,18-24,Nữ,Bắc,Nông thôn,≤THPT,3164.9713125533785,mid,0,0
28,25-29,Nam,Trung,Nông thôn,≤THPT,2700.0741971031057,mid,0,1
35,30-35,Nam,Nam,Đô thị,>ĐH,1642.254561699787,low,0,0
34,30-35,Nữ,Nam,Đô thị,CĐ,5151.254686282098,high,0,0
20,18-24,Nữ,Bắc,Đô thị,ĐH,3057.0376827400437,mid,0,0
34,30-35,Nữ,Nam,Nông thôn,≤THPT,4854.806132523038,high,1,0
30,30-35,Nữ,Trung,Đô thị,ĐH,3355.314621155002,mid,0,0
26,25-29,Nữ,Bắc,Đô thị,CĐ,4113.157515302328,high,0,0
28,25-29,Nam,Bắc,Nông thôn,CĐ,3073.35236763461,mid,0,0
21,18-24,Nữ,Bắc,Nông thôn,≤THPT,3563.5355695634,mid,0,0
18,18-24,Nữ,Nam,Nông thôn,CĐ,2460.539744684316,mid,0,0
21,18-24,Nữ,Bắc,Nông thôn,≤THPT,4179.049202378158,high,0,0
31,30-35,Nữ,Trung,Nông thôn,≤THPT,4341.526359372395,high,1,1
27,25-29,Nam,Bắc,Đô thị,≤THPT,2611.2906208700574,mid,0,0
33,30-35,Nữ,Bắc,Đô thị,≤THPT,3130.5769943940154,mid,1,1
31,30-35,Nam,Nam,Nông thôn,≤THPT,2396.5634611977484,low,1,0
35,30-35,Nam,Trung,Nông thôn,≤THPT,2858.3262698340513,mid,1,0
33,30-35,Nam,Bắc,Đô thị,CĐ,4908.483506121877,high,0,0
28,25-29,Nam,Trung,Nông thôn,CĐ,1442.8946645641279,low,0,0
31,30-35,Nữ,Bắc,Nông thôn,CĐ,5525.013224769583,high,0,0
35,30-35,Nữ,Nam,Đô thị,ĐH,2358.435402502777,low,0,0
24,18-24,Nam,Bắc,Đô thị,ĐH,2284.8723452708323,low,0,0
34,30-35,Nam,Bắc,Nông thôn,≤THPT,1434.5497382220087,low,0,0
20,18-24,Nam,Trung,Nông thôn,CĐ,3301.068653542069,mid,0,0
35,30-35,Nữ,Bắc,Nông thôn,ĐH,5784.250716473993,high,0,1
30,30-35,Nam,Nam,Nông thôn,CĐ,2820.9632891039555,mid,0,1
21,18-24,Nữ,Bắc,Nông thôn,≤THPT,2334.846331024798,low,0,0
35,30-35,Nữ,Nam,Nông thôn,>ĐH,4751.165492941388,high,0,0
19,18-24,Nam,Nam,Đô thị,CĐ,2893.841116942121,mid,0,0
25,25-29,Nữ,Nam,Đô thị,CĐ,2884.363543825719,mid,1,0
23,18-24,Nữ,Nam,Đô thị,≤THPT,7216.445737830875,high,1,0
26,25-29,Nữ,Bắc,Nông thôn,≤THPT,3198.5723306366954,mid,0,0
25,25-29,Nam,Trung,Đô thị,CĐ,5695.564587207064,high,0,0
35,30-35,Nam,Trung,Đô thị,ĐH,10646.632978949012,high,0,0
23,18-24,Nữ,Trung,Nông thôn,≤THPT,997.5348955917183,low,0,1
24,18-24,Nam,Bắc,Đô thị,ĐH,5136.4250167977225,high,0,0
27,25-29,Nữ,Nam,Nông thôn,ĐH,2654.545569555885,mid,0,1
35,30-35,Nam,Bắc,Nông thôn,≤THPT,4595.952758677354,high,1,1
29,25-29,Nữ,Nam,Đô thị,≤THPT,4044.050205260518,high,0,0
33,30-35,Nam,Trung,Đô thị,CĐ,1865.2558155569905,low,0,0
32,30-35,Nam,Bắc,Nông thôn,≤THPT,2552.522885545545,mid,0,0
33,30-35,Nữ,Bắc,Đô thị,≤THPT,793.1101342981434,low,0,0
23,18-24,Nam,Nam,Nông thôn,≤THPT,2179.622761680417,low,0,0
21,18-24,Nam,Trung,Nông thôn,>ĐH,4828.254143871298,high,0,1
30,30-35,Nữ,Nam,Nông thôn,CĐ,2046.7770658389597,low,0,0
18,18-24,Nữ,Nam,Đô thị,CĐ,3082.973521964621,mid,0,0
29,25-29,Nam,Trung,Nông thôn,≤THPT,1464.8428516173612,low,0,0
32,30-35,Nam,Trung,Đô thị,CĐ,6928.4445151257805,high,0,0
23,18-24,Nam,Bắc,Nông thôn,≤THPT,1342.9485914506947,low,0,0
22,18-24,Nữ,Nam,Nông thôn,≤THPT,1831.9081225265863,low,0,0
21,18-24,Nam,Bắc,Nông thôn,ĐH,3060.3964317632276,mid,0,0
26,25-29,Nữ,Nam,Nông thôn,≤THPT,1865.1596038631815,low,0,0
21,18-24,Nữ,Bắc,Nông thôn,ĐH,1640.9152041691177,low,0,0
26,25-29,Nam,Nam,Đô thị,≤THPT,4122.498438173212,high,0,0
34,30-35,Nữ,Trung,Nông thôn,≤THPT,1925.941705099614,low,0,1
35,30-35,Nữ,Bắc,Nông thôn,≤THPT,741.6754030199708,low,0,1
22,18-24,Nữ,Bắc,Nông thôn,CĐ,4150.826596892693,high,0,0
24,18-24,Nam,Bắc,Đô thị,≤THPT,6827.017683463067,high,0,0
24,18-24,Nam,Trung,Nông thôn,ĐH,1963.6076765147398,low,0,0
19,18-24,Nam,Nam,Đô thị,ĐH,4283.354320025249,high,0,0
19,18-24,Nam,Bắc,Nông thôn,>ĐH,3723.4523753780672,mid,0,0
26,25-29,Nữ,Bắc,Đô thị,ĐH,5839.351854997217,high,0,0
19,18-24,Nam,Nam,Nông thôn,≤THPT,3426.85761227722,mid,0,1
34,30-35,Nam,Trung,Đô thị,ĐH,3156.6941013262212,mid,1,0
22,18-24,Nữ,Bắc,Nông thôn,ĐH,3415.70606148051,mid,0,0
19,18-24,Nam,Nam,Nông thôn,≤THPT,3156.905630111288,mid,0,0
18,18-24,Nam,Trung,Đô thị,CĐ,9635.088340672986,high,0,0
21,18-24,Nữ,Nam,Nông thôn,≤THPT,4909.47880357719,high,0,0
19,18-24,Nam,Bắc,Đô thị,≤THPT,3014.4898375991484,mid,0,0
28,25-29,Nữ,Bắc,Nông thôn,ĐH,9953.673630904581,high,0,1
24,18-24,Nam,Bắc,Nông thôn,ĐH,4257.050189103638,high,0,0
30,30-35,Nam,Nam,Nông thôn,ĐH,3202.774303320871,mid,0,0
29,25-29,Nữ,Nam,Đô thị,≤THPT,4519.287658363586,high,0,0
21,18-24,Nữ,Bắc,Nông thôn,ĐH,3288.5342841712845,mid,0,0
29,25-29,Nam,Bắc,Đô thị,CĐ,4805.805330606594,high,1,0
23,18-24,Nam,Bắc,Nông thôn,>ĐH,4620.32359920383,high,0,1
28,25-29,Nữ,Nam,Đô thị,ĐH,9565.507840012582,high,0,0
20,18-24,Nam,Bắc,Nông thôn,CĐ,2163.9388586164464,low,0,0
26,25-29,Nữ,Trung,Nông thôn,>ĐH,2574.784971483425,mid,0,0
33,30-35,Nữ,Nam,Đô thị,≤THPT,1423.8338441919232,low,0,0
22,18-24,Nam,Trung,Đô thị,≤THPT,2636.2922209736835,mid,0,0
20,18-24,Nam,Nam,Đô thị,≤THPT,3880.966082205075,mid,0,0
26,25-29,Nam,Trung,Nông thôn,ĐH,3039.3940966908262,mid,0,0
33,30-35,Nữ,Trung,Nông thôn,≤THPT,2369.497133911293,low,0,0
19,18-24,Nữ,Bắc,Nông thôn,ĐH,11103.7203076749,high,0,1
20,18-24,Nữ,Nam,Đô thị,ĐH,10983.191761281863,high,0,1
18,18-24,Nam,Trung,Nông thôn,≤THPT,2417.9143921351497,low,1,0
20,18-24,Nam,Bắc,Nông thôn,ĐH,2123.405782161342,low,0,0
20,18-24,Nam,Nam,Nông thôn,≤THPT,2282.1037019577043,low,0,0
28,25-29,Nam,Bắc,Nông thôn,CĐ,1246.5408617775777,low,1,0
30,30-35,Nữ,Bắc,Đô thị,≤THPT,4444.795388192837,high,0,1
29,25-29,Nữ,Trung,Đô thị,ĐH,10895.114728572404,high,0,0
24,18-24,Nữ,Nam,Nông thôn,CĐ,4302.639657344938,high,0,0
31,30-35,Nam,Nam,Nông thôn,≤THPT,833.0379121056076,low,0,0
32,30-35,Nam,Trung,Nông thôn,≤THPT,2572.9300886641363,mid,0,1
32,30-35,Nam,Bắc,Nông thôn,ĐH,3798.332069569085,mid,0,0
32,30-35,Nữ,Trung,Nông thôn,≤THPT,1882.8198307178432,low,0,1
23,18-24,Nam,Nam,Đô thị,≤THPT,1698.7243867775042,low,0,0
26,25-29,Nam,Nam,Nông thôn,≤THPT,3192.4040365672868,mid,1,0
19,18-24,Nữ,Trung,Nông thôn,≤THPT,2547.2272063397345,mid,1,0
26,25-29,Nữ,Bắc,Nông thôn,ĐH,3623.9388821958482,mid,0,0
31,30-35,Nam,Trung,Nông thôn,≤THPT,7255.777580924413,high,1,1
28,25-29,Nữ,Bắc,Nông thôn,≤THPT,2422.8680423994315,low,0,1
33,30-35,Nam,Nam,Đô thị,≤THPT,2599.5216212063865,mid,0,0
22,18-24,Nam,Nam,Nông thôn,≤THPT,1782.4381019490856,low,0,0
23,18-24,Nam,Bắc,Nông thôn,CĐ,2991.029131370633,mid,0,0
28,25-29,Nữ,Nam,Đô thị,CĐ,2777.269538280438,mid,0,0
34,30-35,Nam,Bắc,Đô thị,≤THPT,2239.5533310560877,low,1,1
35,30-35,Nữ,Bắc,Nông thôn,>ĐH,4898.093264255014,high,0,0
22,18-24,Nữ,Bắc,Đô thị,ĐH,2124.9392357298907,low,0,0
21,18-24,Nữ,Trung,Đô thị,≤THPT,3118.3143704449035,mid,0,0
22,18-24,Nữ,Nam,Đô thị,ĐH,4088.8337047281484,high,0,0
26,25-29,Nữ,Bắc,Nông thôn,≤THPT,2423.088360952023,low,0,0
22,18-24,Nữ,Bắc,Đô thị,CĐ,3240.4316749396166,mid,0,0
31,30-35,Nam,Nam,Nông thôn,ĐH,15636.379342050252,high,0,1
34,30-35,Nam,Nam,Nông thôn,≤THPT,1302.2053001218208,low,0,0
24,18-24,Nữ,Bắc,Đô thị,≤THPT,4945.666659773892,high,0,0
29,25-29,Nam,Bắc,Đô thị,ĐH,6446.93744484865,high,0,0
34,30-35,Nam,Bắc,Nông thôn,ĐH,3545.2622005872427,mid,0,1
18,18-24,Nam,Nam,Đô thị,>ĐH,7321.471688843897,high,0,0
25,25-29,Nam,Bắc,Nông thôn,ĐH,1258.1121889780545,low,0,0
24,18-24,Nam,Nam,Nông thôn,≤THPT,2634.005809710278,mid,0,0
35,30-35,Nam,Bắc,Nông thôn,CĐ,7121.64008887012,high,1,0
27,25-29,Nam,Bắc,Đô thị,>ĐH,2980.8781193683853,mid,0,0
22,18-24,Nữ,Nam,Nông thôn,ĐH,4654.8076429910625,high,0,1
18,18-24,Nữ,Bắc,Nông thôn,ĐH,6813.175528247691,high,0,0
34,30-35,Nam,Bắc,Đô thị,ĐH,4055.5505238365454,high,0,1
35,30-35,Nam,Trung,Đô thị,ĐH,4037.1875831512953,high,0,1
25,25-29,Nữ,Nam,Đô thị,ĐH,2991.2486143020597,mid,0,1
24,18-24,Nữ,Bắc,Nông thôn,≤THPT,2525.032394565543,mid,0,0
24,18-24,Nam,Bắc,Nông thôn,ĐH,3206.5497886484586,mid,0,0
32,30-35,Nam,Bắc,Đô thị,CĐ,1915.4787282329114,low,0,0
19,18-24,Nam,Bắc,Đô thị,≤THPT,3811.111159273431,mid,0,0
24,18-24,Nữ,Nam,Nông thôn,≤THPT,1972.1489616881722,low,0,0
29,25-29,Nữ,Nam,Nông thôn,≤THPT,1735.4184790913423,low,0,0
23,18-24,Nữ,Bắc,Đô thị,ĐH,2135.808034418311,low,0,0
28,25-29,Nam,Bắc,Đô thị,≤THPT,3212.354067265675,mid,0,0
26,25-29,Nữ,Nam,Nông thôn,≤THPT,2559.4914348873367,mid,0,1
26,25-29,Nam,Nam,Đô thị,≤THPT,962.5167228061481,low,0,0
33,30-35,Nữ,Bắc,Đô thị,CĐ,2378.0830088006114,low,0,0
32,30-35,Nam,Nam,Đô thị,≤THPT,1639.7709063643217,low,0,0
33,30-35,Nữ,Nam,Nông thôn,≤THPT,1421.6630051271534,low,0,0
28,25-29,Nữ,Bắc,Nông thôn,ĐH,10623.803716191665,high,0,0
35,30-35,Nam,Trung,Đô thị,CĐ,2933.6383818113327,mid,0,0
29,25-29,Nữ,Nam,Đô thị,>ĐH,1177.4887666010945,low,0,0
25,25-29,Nam,Bắc,Đô thị,≤THPT,2338.564671220449,low,0,1
28,25-29,Nam,Bắc,Nông thôn,>ĐH,1822.696119804067,low,0,0
26,25-29,Nữ,Bắc,Nông thôn,ĐH,3850.0976600668137,mid,0,0
20,18-24,Nam,Nam,Đô thị,≤THPT,1313.2226957623586,low,0,0
18,18-24,Nữ,Bắc,Nông thôn,CĐ,3569.236671278418,mid,0,1
31,30-35,Nam,Bắc,Nông thôn,≤THPT,3011.1083335846233,mid,0,1
23,18-24,Nữ,Nam,Nông thôn,ĐH,3492.185141696631,mid,0,0
27,25-29,Nữ,Bắc,Đô thị,ĐH,2308.9107795801833,low,0,0
29,25-29,Nữ,Bắc,Đô thị,≤THPT,4661.570278335964,high,0,1
20,18-24,Nam,Bắc,Đô thị,ĐH,3761.2726437865654,mid,0,0
33,30-35,Nữ,Bắc,Đô thị,≤THPT,1960.585169814409,low,0,0
20,18-24,Nữ,Trung,Đô thị,≤THPT,5059.417324946895,high,0,0
24,18-24,Nam,Trung,Nông thôn,≤THPT,4160.747286964848,high,0,0
31,30-35,Nữ,Trung,Nông thôn,CĐ,1639.6472780076522,low,0,0
24,18-24,Nam,Bắc,Nông thôn,≤THPT,2380.6425927272576,low,0,0
25,25-29,Nam,Nam,Đô thị,ĐH,5019.27263697097,high,0,1
32,30-35,Nữ,Nam,Nông thôn,ĐH,3529.7411934624392,mid,1,1
33,30-35,Nữ,Nam,Nông thôn,≤THPT,3548.6338759655087,mid,0,1
19,18-24,Nam,Bắc,Đô thị,≤THPT,2215.269256630848,low,0,0
20,18-24,Nam,Bắc,Đô thị,CĐ,2634.393583835397,mid,0,1
34,30-35,Nam,Bắc,Đô thị,ĐH,3141.580975612537,mid,0,1
18,18-24,Nam,Bắc,Nông thôn,ĐH,823.9799551428978,low,0,0
32,30-35,Nam,Nam,Nông thôn,ĐH,4561.509630221566,high,0,0
24,18-24,Nữ,Nam,Nông thôn,CĐ,3154.759870545133,mid,0,0
19,18-24,Nam,Bắc,Nông thôn,CĐ,3425.2800319920916,mid,0,0
20,18-24,Nam,Nam,Đô thị,≤THPT,2172.647969873761,low,0,0
26,25-29,Nam,Trung,Nông thôn,≤THPT,1642.9245495847995,low,0,0
23,18-24,Nam,Bắc,Nông thôn,≤THPT,3171.4750993154244,mid,0,0
25,25-29,Nữ,Trung,Đô thị,ĐH,3057.733987916013,mid,0,0
28,25-29,Nam,Trung,Đô thị,CĐ,3351.636548310308,mid,0,0
23,18-24,Nữ,Nam,Nông thôn,CĐ,5474.309070004614,high,0,0
29,25-29,Nam,Nam,Nông thôn,≤THPT,1967.499698992891,low,0,1
34,30-35,Nữ,Bắc,Đô thị,CĐ,2364.362313471855,low,0,0
23,18-24,Nữ,Nam,Nông thôn,>ĐH,6503.706650675335,high,0,0
34,30-35,Nam,Nam,Nông thôn,≤THPT,3995.46587930358,mid,1,0
20,18-24,Nữ,Nam,Nông thôn,ĐH,4499.21953008972,high,0,0
22,18-24,Nam,Trung,Đô thị,ĐH,3310.147001728366,mid,0,0
31,30-35,Nữ,Trung,Đô thị,≤THPT,1859.6820842014906,low,0,0
34,30-35,Nữ,Bắc,Đô thị,>ĐH,7813.077109233644,high,0,0
18,18-24,Nam,Bắc,Đô thị,≤THPT,6356.084165721439,high,0,0
24,18-24,Nam,Trung,Nông thôn,≤THPT,3692.6915789754066,mid,0,0
26,25-29,Nam,Bắc,Nông thôn,≤THPT,4388.8137512576,high,0,1
33,30-35,Nữ,Nam,Nông thôn,ĐH,7464.604203722429,high,0,0
29,25-29,Nữ,Nam,Nông thôn,≤THPT,3434.671907520093,mid,0,0
34,30-35,Nữ,Nam,Nông thôn,ĐH,1565.874155912946,low,1,0
33,30-35,Nam,Bắc,Nông thôn,CĐ,1629.8784328136708,low,0,0
25,25-29,Nam,Nam,Nông thôn,≤THPT,5803.848814777311,high,0,0
18,18-24,Nữ,Bắc,Đô thị,≤THPT,1955.4450021211428,low,0,0
22,18-24,Nữ,Bắc,Nông thôn,ĐH,5642.5227308669055,high,0,0
32,30-35,Nam,Bắc,Nông thôn,>ĐH,4719.793956617142,high,0,1
29,25-29,Nam,Nam,Nông thôn,ĐH,8103.73513938531,high,0,0
30,30-35,Nữ,Trung,Đô thị,ĐH,2418.4991547766244,low,0,0
23,18-24,Nữ,Bắc,Nông thôn,≤THPT,394.30571363987394,low,0,1
24,18-24,Nữ,Trung,Nông thôn,ĐH,5243.086864746073,high,0,0
35,30-35,Nữ,Trung,Nông thôn,CĐ,2650.138055760503,mid,0,0
20,18-24,Nữ,Nam,Đô thị,CĐ,2608.177648234823,mid,0,0
24,18-24,Nam,Nam,Nông thôn,CĐ,1710.9740822369693,low,0,0
20,18-24,Nam,Bắc,Nông thôn,≤THPT,2934.5837425610316,mid,0,0
26,25-29,Nam,Nam,Nông thôn,≤THPT,3194.0183968766505,mid,1,1
28,25-29,Nam,Nam,Đô thị,≤THPT,2763.7595469947305,mid,0,1
20,18-24,Nữ,Nam,Đô thị,≤THPT,3511.507631891623,mid,0,0
20,18-24,Nam,Trung,Nông thôn,≤THPT,6541.404139992035,high,0,0
27,25-29,Nam,Bắc,Nông thôn,ĐH,4586.455637588435,high,0,0
29,25-29,Nam,Bắc,Đô thị,ĐH,6180.04007719808,high,0,0
28,25-29,Nữ,Nam,Nông thôn,ĐH,3515.6601896952775,mid,0,0
22,18-24,Nam,Bắc,Nông thôn,≤THPT,2927.8764024738884,mid,1,0
33,30-35,Nam,Nam,Nông thôn,≤THPT,1959.5851355877467,low,1,0
22,18-24,Nam,Nam,Đô thị,ĐH,5846.145201991668,high,0,0
34,30-35,Nam,Trung,Nông thôn,ĐH,1734.9752301354747,low,0,0
27,25-29,Nữ,Bắc,Đô thị,CĐ,3968.151546017711,mid,0,0
34,30-35,Nam,Nam,Nông thôn,≤THPT,1363.424190785575,low,0,1
26,25-29,Nữ,Trung,Đô thị,≤THPT,1004.7109164687118,low,1,0
25,25-29,Nữ,Trung,Nông thôn,CĐ,2283.9352924841824,low,0,0
26,25-29,Nam,Bắc,Nông thôn,≤THPT,3950.404600125295,mid,0,0
28,25-29,Nữ,Bắc,Nông thôn,≤THPT,922.2019319199301,low,0,0
33,30-35,Nam,Nam,Đô thị,ĐH,2586.9080972804745,mid,0,1
23,18-24,Nữ,Trung,Đô thị,ĐH,6967.843506369328,high,0,0
31,30-35,Nữ,Nam,Đô thị,CĐ,2288.719223037822,low,0,0
34,30-35,Nam,Bắc,Đô thị,ĐH,3089.06942710622,mid,0,0
31,30-35,Nữ,Bắc,Đô thị,ĐH,7368.940750065669,high,0,0
27,25-29,Nữ,Nam,Nông thôn,CĐ,7634.6504938526905,high,0,0
29,25-29,Nam,Bắc,Nông thôn,ĐH,9785.606570074124,high,0,0
19,18-24,Nữ,Bắc,Đô thị,≤THPT,4070.184582678651,high,0,0
22,18-24,Nam,Bắc,Đô thị,≤THPT,9436.319183509337,high,0,0
24,18-24,Nam,Bắc,Nông thôn,ĐH,5591.202690874989,high,0,1
34,30-35,Nam,Trung,Nông thôn,ĐH,2040.6588864568355,low,0,0
33,30-35,Nam,Bắc,Nông thôn,≤THPT,6780.232886709413,high,0,1
24,18-24,Nam,Bắc,Đô thị,ĐH,6565.6387851451245,high,0,0
32,30-35,Nữ,Trung,Nông thôn,≤THPT,731.1392362132316,low,0,0
30,30-35,Nữ,Nam,Đô thị,≤THPT,1824.9169491979144,low,0,0
18,18-24,Nam,Trung,Đô thị,≤THPT,3147.6631641915315,mid,0,1
19,18-24,Nam,Bắc,Nông thôn,ĐH,2638.0242498762213,mid,0,0
27,25-29,Nam,Bắc,Nông thôn,CĐ,1304.0924745127284,low,1,0
20,18-24,Nữ,Bắc,Đô thị,≤THPT,3654.240045521801,mid,0,0
28,25-29,Nữ,Nam,Nông thôn,≤THPT,3510.9475575782244,mid,0,1
24,18-24,Nữ,Bắc,Đô thị,≤THPT,3214.994247220164,mid,0,0
28,25-29,Nữ,Nam,Đô thị,ĐH,1520.4917997826271,low,0,0
29,25-29,Nam,Nam,Nông thôn,≤THPT,2760.5461629358797,mid,0,0
34,30-35,Nữ,Trung,Nông thôn,≤THPT,4088.001596978483,high,1,0
35,30-35,Nữ,Nam,Đô thị,>ĐH,2605.2462765791884,mid,0,0
23,18-24,Nam,Nam,Đô thị,ĐH,2105.067627294194,low,0,0
26,25-29,Nữ,Bắc,Đô thị,ĐH,4680.996559940517,high,0,0
25,25-29,Nam,Nam,Đô thị,ĐH,5235.779953951003,high,0,0
29,25-29,Nữ,Trung,Nông thôn,>ĐH,4244.529983412811,high,0,0
21,18-24,Nữ,Nam,Nông thôn,CĐ,895.9438259376931,low,0,0
34,30-35,Nữ,Nam,Nông thôn,ĐH,976.2762996028188,low,1,0
34,30-35,Nữ,Bắc,Nông thôn,≤THPT,7326.339733557157,high,0,1
23,18-24,Nữ,Nam,Đô thị,≤THPT,506.86298341263426,low,0,0
31,30-35,Nam,Bắc,Nông thôn,>ĐH,3670.5863696120696,mid,0,0
20,18-24,Nam,Nam,Đô thị,≤THPT,3048.0269803339515,mid,0,0
24,18-24,Nam,Trung,Đô thị,≤THPT,3249.9367468724004,mid,0,0
34,30-35,Nam,Bắc,Nông thôn,ĐH,5831.68670613923,high,1,0
28,25-29,Nữ,Trung,Đô thị,ĐH,3613.148339088457,mid,0,0
28,25-29,Nam,Bắc,Đô thị,≤THPT,2479.4086370218765,mid,0,0
22,18-24,Nam,Nam,Nông thôn,ĐH,2205.6592409933337,low,0,0
35,30-35,Nam,Bắc,Nông thôn,≤THPT,2359.4757820435125,low,0,1
31,30-35,Nữ,Bắc,Đô thị,ĐH,2672.1877879393287,mid,0,0
34,30-35,Nam,Nam,Nông thôn,CĐ,3919.283927278926,mid,1,0
31,30-35,Nữ,Trung,Đô thị,CĐ,2174.6957289750076,low,1,0
29,25-29,Nam,Nam,Nông thôn,≤THPT,3570.956938872356,mid,1,0
30,30-35,Nam,Bắc,Nông thôn,CĐ,1481.451546590806,low,0,0
24,18-24,Nam,Trung,Nông thôn,>ĐH,4471.632805200576,high,0,0
22,18-24,Nam,Nam,Nông thôn,CĐ,6113.76406486471,high,0,0
24,18-24,Nữ,Trung,Đô thị,CĐ,1054.591664623422,low,0,0
32,30-35,Nam,Bắc,Đô thị,≤THPT,1785.0609910002895,low,0,0
22,18-24,Nam,Bắc,Đô thị,CĐ,4545.246840882052,high,0,0
25,25-29,Nữ,Bắc,Nông thôn,>ĐH,3212.1322971028912,mid,0,0
20,18-24,Nam,Bắc,Đô thị,≤THPT,2142.9306418650312,low,0,0
24,18-24,Nữ,Bắc,Nông thôn,CĐ,7360.197917628176,high,0,0
30,30-35,Nữ,Bắc,Nông thôn,CĐ,4073.840610659328,high,0,1
26,25-29,Nữ,Bắc,Nông thôn,ĐH,6709.078220644725,high,0,1
24,18-24,Nam,Bắc,Đô thị,CĐ,3104.7626970012857,mid,0,0
26,25-29,Nữ,Bắc,Nông thôn,≤THPT,4993.2806857525875,high,0,0
27,25-29,Nam,Bắc,Nông thôn,ĐH,3418.5907603446426,mid,0,1
18,18-24,Nữ,Nam,Nông thôn,ĐH,2978.443837074562,mid,0,0
20,18-24,Nam,Nam,Đô thị,≤THPT,3710.035542516671,mid,0,0
25,25-29,Nam,Trung,Đô thị,ĐH,3268.519171308769,mid,0,1
20,18-24,Nam,Nam,Đô thị,ĐH,5146.557440929837,high,0,0
22,18-24,Nam,Bắc,Nông thôn,CĐ,5811.644545037304,high,0,0
18,18-24,Nam,Nam,Đô thị,≤THPT,1827.987471521549,low,0,0
21,18-24,Nữ,Bắc,Nông thôn,≤THPT,2546.0602708315814,mid,0,0
28,25-29,Nữ,Bắc,Nông thôn,CĐ,2238.3978928070323,low,0,0
34,30-35,Nữ,Trung,Đô thị,>ĐH,3885.8162455610636,mid,0,0
35,30-35,Nữ,Bắc,Nông thôn,≤THPT,1609.7460596640876,low,0,0
35,30-35,Nam,Bắc,Đô thị,CĐ,7832.878958132671,high,0,0
19,18-24,Nữ,Trung,Nông thôn,ĐH,1828.6198939310068,low,0,0
24,18-24,Nữ,Nam,Nông thôn,ĐH,1267.298778451171,low,0,1
20,18-24,Nữ,Bắc,Đô thị,≤THPT,6229.654911280541,high,0,1
20,18-24,Nam,Bắc,Đô thị,≤THPT,1576.3399845127856,low,0,0
32,30-35,Nữ,Bắc,Đô thị,≤THPT,1969.3110411642117,low,0,0
18,18-24,Nữ,Bắc,Đô thị,ĐH,17736.213879241957,high,0,0
25,25-29,Nữ,Bắc,Nông thôn,CĐ,4975.853412180458,high,0,1
27,25-29,Nam,Trung,Đô thị,ĐH,8298.759099528728,high,0,0
18,18-24,Nữ,Trung,Nông thôn,≤THPT,2224.5790512861554,low,1,1
19,18-24,Nữ,Bắc,Nông thôn,≤THPT,2844.8699238068702,mid,0,1
34,30-35,Nam,Trung,Đô thị,≤THPT,5810.543709420731,high,0,1
26,25-29,Nam,Bắc,Đô thị,CĐ,4515.47934860196,high,0,0
22,18-24,Nữ,Bắc,Nông thôn,ĐH,4647.758409186136,high,1,0
25,25-29,Nam,Bắc,Nông thôn,ĐH,6618.645453474816,high,0,0
20,18-24,Nam,Bắc,Đô thị,ĐH,4576.6291034515825,high,0,0
26,25-29,Nam,Bắc,Đô thị,CĐ,11252.660850527349,high,1,0
30,30-35,Nữ,Bắc,Nông thôn,≤THPT,1403.400627722172,low,0,0
31,30-35,Nữ,Trung,Nông thôn,ĐH,1819.1759187531418,low,0,0
27,25-29,Nam,Nam,Đô thị,≤THPT,4256.429582627959,high,0,0
30,30-35,Nữ,Bắc,Đô thị,≤THPT,3386.5514786006333,mid,0,0
21,18-24,Nữ,Bắc,Nông thôn,≤THPT,2006.9213476938132,low,0,0
32,30-35,Nữ,Trung,Đô thị,≤THPT,2923.7084490262546,mid,0,0
34,30-35,Nữ,Bắc,Đô thị,≤THPT,3601.496677353351,mid,0,1
19,18-24,Nữ,Nam,Đô thị,≤THPT,1294.0164610176362,low,0,0
25,25-29,Nam,Bắc,Đô thị,ĐH,3681.134731542805,mid,0,0
26,25-29,Nữ,Bắc,Nông thôn,ĐH,8007.1690347116955,high,0,0
23,18-24,Nữ,Trung,Nông thôn,≤THPT,5141.959923029011,high,0,0
22,18-24,Nam,Nam,Đô thị,≤THPT,5428.083196059232,high,0,0
31,30-35,Nữ,Nam,Đô thị,CĐ,1231.5756315734734,low,0,0
33,30-35,Nữ,Bắc,Nông thôn,CĐ,4562.901266408809,high,0,0
20,18-24,Nam,Bắc,Đô thị,>ĐH,4785.40416701261,high,0,0
24,18-24,Nữ,Nam,Nông thôn,ĐH,3486.0759903522503,mid,0,0
23,18-24,Nữ,Nam,Nông thôn,≤THPT,3387.429615644646,mid,0,0
28,25-29,Nam,Bắc,Đô thị,ĐH,4240.512595754138,high,0,0
26,25-29,Nam,Nam,Đô thị,>ĐH,12841.860199951987,high,0,0
33,30-35,Nữ,Nam,Đô thị,ĐH,3871.8848930984764,mid,0,1
30,30-35,Nữ,Nam,Đô thị,≤THPT,7624.2443005500945,high,0,1
28,25-29,Nam,Bắc,Nông thôn,ĐH,2528.7763070327005,mid,0,0
25,25-29,Nữ,Bắc,Đô thị,≤THPT,2861.5074963379197,mid,0,0
20,18-24,Nam,Nam,Đô thị,≤THPT,1672.854953338545,low,0,0
33,30-35,Nam,Nam,Đô thị,ĐH,4301.500063649322,high,0,0
32,30-35,Nữ,Bắc,Nông thôn,ĐH,3316.7522636332774,mid,0,0
32,30-35,Nữ,Bắc,Đô thị,≤THPT,4460.375007829757,high,0,1
22,18-24,Nữ,Trung,Nông thôn,ĐH,3673.6201254125717,mid,0,0
35,30-35,Nam,Nam,Nông thôn,≤THPT,2790.2119208365734,mid,0,0
27,25-29,Nam,Nam,Đô thị,≤THPT,2402.7858864922437,low,0,0
34,30-35,Nữ,Bắc,Đô thị,CĐ,6211.350460060092,high,0,0
22,18-24,Nam,Bắc,Đô thị,≤THPT,548.8442786962394,low,0,0
24,18-24,Nữ,Bắc,Đô thị,≤THPT,7551.9741852930265,high,0,0
23,18-24,Nam,Nam,Đô thị,CĐ,3480.151563573774,mid,0,0
18,18-24,Nữ,Bắc,Đô thị,CĐ,1448.8852026857098,low,0,0
35,30-35,Nam,Bắc,Nông thôn,CĐ,2677.5017460131235,mid,0,1
32,30-35,Nam,Bắc,Đô thị,ĐH,5420.228655856298,high,0,0
32,30-35,Nữ,Nam,Nông thôn,≤THPT,5008.7309234051545,high,1,0
20,18-24,Nữ,Nam,Nông thôn,CĐ,2389.0034875927936,low,0,0
21,18-24,Nữ,Nam,Đô thị,≤THPT,2235.0147150316916,low,0,0
19,18-24,Nữ,Nam,Đô thị,ĐH,12134.104112104738,high,0,0
33,30-35,Nam,Bắc,Đô thị,CĐ,3461.8962835127586,mid,0,0
33,30-35,Nữ,Bắc,Đô thị,CĐ,5509.172598445917,high,0,0
32,30-35,Nữ,Bắc,Nông thôn,≤THPT,2787.952079690678,mid,0,1
31,30-35,Nữ,Nam,Đô thị,>ĐH,3963.9972160084926,mid,0,1
24,18-24,Nữ,Nam,Nông thôn,≤THPT,1476.5779569156712,low,0,0
26,25-29,Nam,Nam,Nông thôn,ĐH,6857.468562510405,high,0,1
21,18-24,Nữ,Nam,Nông thôn,≤THPT,3498.873273300141,mid,0,0
29,25-29,Nữ,Nam,Đô thị,≤THPT,3811.317937026662,mid,1,1
27,25-29,Nam,Bắc,Nông thôn,≤THPT,696.6986414929567,low,0,0
21,18-24,Nam,Nam,Đô thị,CĐ,13086.388132419434,high,1,0
26,25-29,Nam,Bắc,Đô thị,CĐ,4899.609320160464,high,0,0
29,25-29,Nữ,Bắc,Đô thị,≤THPT,4059.7271617260935,high,0,0
26,25-29,Nam,Bắc,Nông thôn,CĐ,1856.4484309825527,low,0,0
32,30-35,Nam,Nam,Nông thôn,≤THPT,1160.2670353024473,low,1,1
30,30-35,Nam,Nam,Nông thôn,≤THPT,1802.0404720418378,low,1,1
26,25-29,Nữ,Bắc,Nông thôn,≤THPT,3162.5001310946977,mid,0,0
25,25-29,Nữ,Bắc,Nông thôn,CĐ,3391.5604304868343,mid,0,0
27,25-29,Nam,Nam,Đô thị,≤THPT,3015.535356357003,mid,1,0
23,18-24,Nam,Trung,Đô thị,≤THPT,3693.534110486517,mid,0,1
34,30-35,Nữ,Bắc,Nông thôn,≤THPT,4621.625763589605,high,1,0
18,18-24,Nam,Bắc,Đô thị,≤THPT,2414.618016104248,low,0,0
28,25-29,Nam,Bắc,Đô thị,≤THPT,2551.172600138014,mid,0,1
24,18-24,Nữ,Bắc,Đô thị,ĐH,7878.512707587636,high,0,0
18,18-24,Nam,Trung,Đô thị,CĐ,2626.8404161390913,mid,0,0
26,25-29,Nữ,Bắc,Nông thôn,≤THPT,3696.5498351618885,mid,0,0
33,30-35,Nam,Nam,Nông thôn,ĐH,2107.299834242275,low,0,0
34,30-35,Nam,Bắc,Nông thôn,≤THPT,1932.2196583138218,low,0,1
30,30-35,Nam,Nam,Nông thôn,ĐH,2200.62848544498,low,0,0
28,25-29,Nữ,Trung,Nông thôn,ĐH,9693.264045361166,high,0,0
32,30-35,Nam,Bắc,Đô thị,ĐH,1776.767619604221,low,1,1
25,25-29,Nữ,Bắc,Đô thị,ĐH,2907.191163769946,mid,0,0
29,25-29,Nam,Trung,Nông thôn,≤THPT,2347.2841280574767,low,0,0
25,25-29,Nam,Bắc,Đô thị,ĐH,7155.9623898848085,high,1,0
20,18-24,Nữ,Bắc,Nông thôn,≤THPT,3325.9651046289637,mid,0,1
30,30-35,Nam,Trung,Đô thị,≤THPT,4690.107042642999,high,0,0
26,25-29,Nữ,Nam,Nông thôn,ĐH,5752.9117230317315,high,0,0
21,18-24,Nam,Bắc,Nông thôn,ĐH,1985.8770690372887,low,0,0
19,18-24,Nữ,Trung,Đô thị,ĐH,2337.4300407277296,low,0,0
24,18-24,Nam,Nam,Đô thị,ĐH,5168.195858118409,high,0,0
35,30-35,Nữ,Nam,Đô thị,ĐH,5169.07749589076,high,0,0
30,30-35,Nam,Trung,Đô thị,ĐH,5621.126205239438,high,0,1
30,30-35,Nữ,Bắc,Nông thôn,≤THPT,1233.0550686606848,low,0,1
34,30-35,Nam,Nam,Đô thị,ĐH,4482.433884758839,high,0,1
30,30-35,Nữ,Nam,Nông thôn,>ĐH,10905.90459430906,high,1,0
25,25-29,Nam,Bắc,Đô thị,CĐ,3763.3732939897586,mid,0,0
35,30-35,Nữ,Nam,Nông thôn,≤THPT,1994.1745539460069,low,0,0
23,18-24,Nam,Nam,Nông thôn,ĐH,2860.2725052757955,mid,0,0
19,18-24,Nam,Bắc,Nông thôn,ĐH,2121.0141323227876,low,0,0
32,30-35,Nam,Nam,Nông thôn,ĐH,4283.98357076316,high,0,1
27,25-29,Nữ,Nam,Nông thôn,≤THPT,4604.11789614897,high,0,0
30,30-35,Nữ,Trung,Nông thôn,CĐ,5322.586021177522,high,1,0
30,30-35,Nam,Nam,Nông thôn,≤THPT,5042.805748497586,high,0,1
34,30-35,Nữ,Trung,Nông thôn,≤THPT,1746.698866603541,low,0,1
19,18-24,Nữ,Nam,Nông thôn,≤THPT,1934.0293897587896,low,0,0
26,25-29,Nữ,Bắc,Nông thôn,ĐH,2674.6070493818884,mid,0,0
35,30-35,Nữ,Trung,Nông thôn,≤THPT,2150.407490005377,low,0,1
27,25-29,Nam,Nam,Đô thị,≤THPT,13277.84507980215,high,0,0
33,30-35,Nam,Nam,Đô thị,≤THPT,4647.912187334975,high,0,0
25,25-29,Nam,Bắc,Nông thôn,≤THPT,4375.872267666633,high,1,0
32,30-35,Nam,Bắc,Đô thị,ĐH,6679.330073141133,high,0,0
21,18-24,Nữ,Bắc,Nông thôn,>ĐH,4785.444899194369,high,0,0
18,18-24,Nam,Nam,Đô thị,≤THPT,2511.2264111130944,mid,0,0
18,18-24,Nam,Nam,Đô thị,CĐ,5496.816700152113,high,0,0
32,30-35,Nữ,Trung,Nông thôn,≤THPT,2716.1045400548805,mid,0,0
31,30-35,Nữ,Nam,Nông thôn,≤THPT,2284.3187619019527,low,0,0
27,25-29,Nam,Trung,Đô thị,ĐH,3161.255006003156,mid,0,0
27,25-29,Nữ,Bắc,Nông thôn,ĐH,2572.2600370257906,mid,0,0
31,30-35,Nữ,Bắc,Đô thị,≤THPT,6801.766852817775,high,0,0
28,25-29,Nữ,Trung,Nông thôn,ĐH,4813.334228401925,high,0,1
21,18-24,Nữ,Bắc,Đô thị,≤THPT,4338.003130795054,high,0,0
35,30-35,Nữ,Nam,Nông thôn,≤THPT,536.8622007569862,low,0,0
23,18-24,Nữ,Bắc,Nông thôn,≤THPT,2929.1572592897905,mid,0,0
20,18-24,Nam,Nam,Nông thôn,ĐH,4821.790396845079,high,0,0
32,30-35,Nữ,Trung,Nông thôn,≤THPT,887.438413924554,low,0,0
35,30-35,Nam,Nam,Nông thôn,≤THPT,4801.487552054329,high,0,0
27,25-29,Nữ,Bắc,Đô thị,≤THPT,6524.200553985332,high,0,0
25,25-29,Nữ,Nam,Đô thị,ĐH,1780.275119442945,low,1,0
30,30-35,Nữ,Nam,Nông thôn,≤THPT,3727.96573134487,mid,1,1
20,18-24,Nữ,Trung,Đô thị,>ĐH,3011.9909296787037,mid,0,0
23,18-24,Nữ,Nam,Đô thị,CĐ,4649.012374183342,high,0,0
29,25-29,Nữ,Bắc,Nông thôn,ĐH,2827.5517293800353,mid,0,0
18,18-24,Nam,Nam,Nông thôn,≤THPT,3503.6964110161425,mid,0,0
25,25-29,Nam,Bắc,Đô thị,ĐH,8900.717373834666,high,0,0
26,25-29,Nam,Bắc,Đô thị,CĐ,6367.200270583581,high,0,0
22,18-24,Nữ,Nam,Nông thôn,CĐ,3076.655230956095,mid,0,1
35,30-35,Nữ,Trung,Nông thôn,ĐH,5075.960023886577,high,0,0
31,30-35,Nam,Bắc,Đô thị,ĐH,1924.8656174091882,low,0,0
33,30-35,Nam,Nam,Nông thôn,ĐH,6612.877081484739,high,0,0
22,18-24,Nam,Nam,Nông thôn,ĐH,1040.6319385787244,low,0,0
35,30-35,Nam,Bắc,Nông thôn,ĐH,3531.048338893003,mid,1,0
32,30-35,Nữ,Nam,Đô thị,≤THPT,1215.2114768081058,low,0,0
27,25-29,Nữ,Nam,Đô thị,CĐ,2689.629630563317,mid,0,0
31,30-35,Nam,Bắc,Đô thị,CĐ,1411.8234278204982,low,0,0
23,18-24,Nữ,Nam,Đô thị,ĐH,4842.019697556159,high,0,0
33,30-35,Nữ,Bắc,Nông thôn,ĐH,2455.591865918873,mid,0,0
20,18-24,Nam,Nam,Nông thôn,ĐH,2337.3339623262063,low,0,0
23,18-24,Nam,Trung,Nông thôn,≤THPT,2326.8443594026544,low,0,0
18,18-24,Nam,Nam,Nông thôn,≤THPT,3036.227420060964,mid,0,0
25,25-29,Nam,Nam,Đô thị,≤THPT,3651.6680670209566,mid,0,0
21,18-24,Nam,Bắc,Nông thôn,≤THPT,427.6419150785932,low,0,1
28,25-29,Nữ,Trung,Nông thôn,CĐ,2296.3573212491874,low,0,0
23,18-24,Nam,Nam,Nông thôn,CĐ,4876.229956537736,high,0,0
25,25-29,Nam,Bắc,Đô thị,CĐ,3986.873853203847,mid,0,0
23,18-24,Nam,Bắc,Nông thôn,CĐ,4841.220698958877,high,0,0
25,25-29,Nữ,Trung,Đô thị,ĐH,5661.706957957646,high,0,0
18,18-24,Nữ,Bắc,Nông thôn,ĐH,1856.0633096076115,low,0,0
24,18-24,Nam,Bắc,Nông thôn,≤THPT,1690.2354919051406,low,0,0
31,30-35,Nam,Nam,Nông thôn,≤THPT,10324.33122874038,high,0,1
21,18-24,Nữ,Nam,Nông thôn,CĐ,1481.749336600089,low,0,0
27,25-29,Nam,Nam,Nông thôn,CĐ,8163.235083274232,high,0,1
20,18-24,Nữ,Bắc,Nông thôn,CĐ,1559.8641189661937,low,0,0
30,30-35,Nam,Trung,Đô thị,ĐH,10151.357522199156,high,1,0
21,18-24,Nữ,Bắc,Đô thị,≤THPT,2375.3493602301724,low,0,0
22,18-24,Nam,Nam,Nông thôn,≤THPT,6896.502784176749,high,0,0
27,25-29,Nam,Bắc,Nông thôn,≤THPT,3082.7220306069876,mid,0,0
23,18-24,Nữ,Bắc,Đô thị,ĐH,8248.798427491189,high,0,1
22,18-24,Nữ,Bắc,Nông thôn,CĐ,3211.8053283690156,mid,0,1
25,25-29,Nam,Bắc,Nông thôn,≤THPT,3562.5566244996544,mid,0,0
24,18-24,Nam,Bắc,Nông thôn,ĐH,3310.8006392729258,mid,0,0
21,18-24,Nữ,Bắc,Nông thôn,ĐH,3975.6175460353033,mid,0,0
19,18-24,Nam,Bắc,Nông thôn,≤THPT,3142.266150172369,mid,1,0
28,25-29,Nam,Bắc,Nông thôn,ĐH,1843.417142794715,low,0,1
25,25-29,Nam,Nam,Nông thôn,≤THPT,2707.8641152484934,mid,0,1
34,30-35,Nữ,Nam,Đô thị,≤THPT,2369.869953026153,low,0,0
33,30-35,Nữ,Nam,Nông thôn,ĐH,5605.878594560653,high,0,1
22,18-24,Nam,Trung,Nông thôn,≤THPT,4977.409359653829,high,0,0
24,18-24,Nam,Nam,Nông thôn,ĐH,1388.336133450952,low,0,0
20,18-24,Nam,Trung,Nông thôn,≤THPT,3512.8844744934268,mid,0,0
29,25-29,Nam,Nam,Đô thị,≤THPT,2171.8785000092075,low,0,0
30,30-35,Nam,Bắc,Đô thị,≤THPT,864.0975490450843,low,0,0
23,18-24,Nữ,Nam,Đô thị,≤THPT,2989.7428656625593,mid,0,0
22,18-24,Nam,Nam,Đô thị,ĐH,8925.835233790738,high,0,0
23,18-24,Nữ,Nam,Đô thị,ĐH,6341.884429193363,high,0,0
18,18-24,Nữ,Bắc,Nông thôn,≤THPT,2403.6840699462555,low,0,0
23,18-24,Nam,Bắc,Nông thôn,CĐ,2539.177559877694,mid,0,0
23,18-24,Nữ,Trung,Nông thôn,ĐH,7270.566837482504,high,0,0
30,30-35,Nữ,Nam,Đô thị,ĐH,5130.354382760894,high,1,0
32,30-35,Nữ,Bắc,Nông thôn,≤THPT,2448.4395269396987,mid,1,0
22,18-24,Nữ,Trung,Nông thôn,≤THPT,1054.756665102165,low,0,0
27,25-29,Nữ,Nam,Nông thôn,≤THPT,5036.1668221749305,high,0,0
23,18-24,Nam,Nam,Đô thị,≤THPT,1452.1035792802516,low,0,0
26,25-29,Nữ,Nam,Nông thôn,CĐ,1555.6023716805164,low,1,0
18,18-24,Nữ,Bắc,Nông thôn,CĐ,2772.182847023387,mid,0,0
24,18-24,Nam,Bắc,Đô thị,≤THPT,2979.3920196310123,mid,0,0
33,30-35,Nữ,Bắc,Nông thôn,CĐ,3350.9865188702765,mid,1,1
19,18-24,Nam,Nam,Nông thôn,≤THPT,2766.4499007937775,mid,0,0
29,25-29,Nam,Nam,Nông thôn,ĐH,7345.547295892136,high,0,0
28,25-29,Nam,Trung,Nông thôn,≤THPT,2162.597049104571,low,1,0
28,25-29,Nữ,Bắc,Đô thị,≤THPT,1963.7337489939891,low,0,0
25,25-29,Nữ,Bắc,Đô thị,CĐ,5410.005580264977,high,0,1
29,25-29,Nam,Trung,Đô thị,CĐ,5173.954258604104,high,0,0
30,30-35,Nam,Nam,Đô thị,≤THPT,2347.260112374985,low,0,0
31,30-35,Nữ,Trung,Nông thôn,≤THPT,3375.7413665095905,mid,1,0
18,18-24,Nữ,Nam,Đô thị,CĐ,8707.500302810184,high,0,0
34,30-35,Nam,Bắc,Đô thị,≤THPT,2588.092640019279,mid,1,0
35,30-35,Nữ,Trung,Nông thôn,ĐH,3289.6620846607443,mid,0,0
26,25-29,Nam,Bắc,Nông thôn,≤THPT,4872.638123246872,high,0,0
20,18-24,Nam,Trung,Đô thị,CĐ,2119.764386086679,low,0,0
22,18-24,Nam,Nam,Nông thôn,≤THPT,1654.716329813331,low,0,0
23,18-24,Nam,Nam,Đô thị,≤THPT,6628.354299895525,high,0,1
29,25-29,Nam,Bắc,Đô thị,ĐH,3388.8685276540214,mid,0,0
19,18-24,Nữ,Nam,Đô thị,CĐ,5238.155940410638,high,0,0
18,18-24,Nam,Bắc,Nông thôn,≤THPT,2268.128355980773,low,0,0
32,30-35,Nam,Nam,Nông thôn,≤THPT,2178.9556427952984,low,0,0
27,25-29,Nam,Nam,Đô thị,≤THPT,2805.7612576859397,mid,0,0
24,18-24,Nữ,Bắc,Nông thôn,CĐ,3345.8200246024576,mid,0,0
31,30-35,Nam,Bắc,Nông thôn,CĐ,6434.423018909508,high,0,0
22,18-24,Nam,Trung,Đô thị,≤THPT,931.727451911017,low,0,0
33,30-35,Nam,Trung,Nông thôn,ĐH,4550.100197073919,high,0,1
27,25-29,Nữ,Bắc,Đô thị,ĐH,4013.453551657577,high,0,0
30,30-35,Nam,Nam,Nông thôn,ĐH,4047.7680595658358,high,0,0
21,18-24,Nữ,Bắc,Nông thôn,ĐH,2754.186365219398,mid,0,0
19,18-24,Nam,Nam,Đô thị,≤THPT,2162.520808001647,low,0,0
27,25-29,Nam,Bắc,Nông thôn,≤THPT,2751.851081717489,mid,1,0
32,30-35,Nam,Nam,Đô thị,≤THPT,4213.044220268343,high,1,1
21,18-24,Nữ,Bắc,Đô thị,ĐH,1905.8955126184487,low,0,0
22,18-24,Nữ,Nam,Đô thị,CĐ,4797.460566891459,high,0,0
27,25-29,Nam,Trung,Nông thôn,ĐH,2589.3037241182496,mid,0,0
27,25-29,Nữ,Bắc,Đô thị,≤THPT,10338.034155896768,high,0,0
29,25-29,Nam,Bắc,Nông thôn,≤THPT,4296.782244197124,high,0,1
34,30-35,Nữ,Nam,Đô thị,CĐ,1139.9770095151202,low,0,0
30,30-35,Nữ,Bắc,Đô thị,≤THPT,2859.1605858068106,mid,1,0
29,25-29,Nữ,Nam,Đô thị,≤THPT,5541.298047896378,high,0,0
32,30-35,Nữ,Nam,Đô thị,≤THPT,2634.8861393308384,mid,1,0
26,25-29,Nam,Nam,Nông thôn,ĐH,2995.369544523237,mid,0,1
21,18-24,Nam,Bắc,Nông thôn,CĐ,2197.152851894057,low,0,0
27,25-29,Nam,Nam,Đô thị,ĐH,4735.386676684907,high,0,1
35,30-35,Nam,Bắc,Nông thôn,≤THPT,1731.4696683683956,low,0,0
35,30-35,Nam,Trung,Đô thị,≤THPT,3666.4886551579925,mid,1,0
22,18-24,Nam,Trung,Đô thị,ĐH,7317.197288367155,high,0,0
25,25-29,Nam,Nam,Nông thôn,>ĐH,1688.2950632293796,low,0,0
26,25-29,Nữ,Nam,Nông thôn,ĐH,3086.637446807988,mid,0,0
35,30-35,Nữ,Bắc,Đô thị,ĐH,8454.803719196998,high,0,0
34,30-35,Nữ,Nam,Nông thôn,≤THPT,5438.190254596168,high,0,1
19,18-24,Nữ,Bắc,Nông thôn,≤THPT,2358.7478750574023,low,0,0
22,18-24,Nữ,Bắc,Nông thôn,≤THPT,2785.025948388298,mid,0,0
22,18-24,Nữ,Nam,Nông thôn,≤THPT,2703.3463885777674,mid,0,0
23,18-24,Nữ,Trung,Nông thôn,≤THPT,5827.211489335798,high,0,0
27,25-29,Nam,Trung,Nông thôn,CĐ,3827.2523878805387,mid,0,0
22,18-24,Nam,Trung,Nông thôn,≤THPT,2720.02712914761,mid,0,0
19,18-24,Nữ,Bắc,Nông thôn,≤THPT,1239.5997476825946,low,0,0
28,25-29,Nam,Trung,Đô thị,≤THPT,1710.6341831262616,low,0,0
29,25-29,Nữ,Trung,Nông thôn,≤THPT,1830.7973392086528,low,0,0
32,30-35,Nam,Bắc,Đô thị,≤THPT,3438.608798981954,mid,1,0
20,18-24,Nam,Bắc,Nông thôn,ĐH,3278.1447056930097,mid,0,0
18,18-24,Nam,Bắc,Nông thôn,>ĐH,2829.6091475012045,mid,1,0
20,18-24,Nữ,Bắc,Đô thị,CĐ,1665.5420034273673,low,0,0
18,18-24,Nữ,Nam,Đô thị,≤THPT,2350.2035506845377,low,0,0
23,18-24,Nữ,Bắc,Nông thôn,≤THPT,3806.891739114193,mid,0,0
30,30-35,Nữ,Bắc,Nông thôn,ĐH,892.3633940656075,low,1,0
27,25-29,Nữ,Nam,Nông thôn,≤THPT,3094.5513299798563,mid,0,0
20,18-24,Nam,Bắc,Đô thị,≤THPT,3187.246398146416,mid,0,0
32,30-35,Nam,Bắc,Nông thôn,≤THPT,2500.7956005588685,mid,0,0
28,25-29,Nữ,Bắc,Đô thị,≤THPT,3802.287610252116,mid,0,0
27,25-29,Nữ,Trung,Nông thôn,CĐ,4423.497995524434,high,0,0
22,18-24,Nữ,Nam,Đô thị,CĐ,1075.9181974701205,low,0,0
22,18-24,Nam,Bắc,Nông thôn,≤THPT,4596.1418646898355,high,0,0
33,30-35,Nữ,Bắc,Nông thôn,ĐH,2722.077489128344,mid,0,0
31,30-35,Nữ,Bắc,Nông thôn,ĐH,4281.342443442915,high,1,0
26,25-29,Nam,Nam,Đô thị,≤THPT,1926.406653881621,low,0,0
25,25-29,Nam,Bắc,Nông thôn,≤THPT,938.0199358607766,low,0,0
18,18-24,Nam,Nam,Nông thôn,ĐH,2417.3351824096785,low,0,0
31,30-35,Nữ,Nam,Nông thôn,ĐH,1143.798086438539,low,1,1
21,18-24,Nam,Bắc,Nông thôn,≤THPT,2707.3387758335734,mid,0,0
32,30-35,Nam,Nam,Nông thôn,≤THPT,4126.59768328616,high,0,0
35,30-35,Nữ,Nam,Nông thôn,≤THPT,1464.2019442185956,low,0,1
20,18-24,Nữ,Trung,Đô thị,ĐH,7420.083468807925,high,0,0
26,25-29,Nữ,Bắc,Đô thị,≤THPT,1100.301707534911,low,0,0
33,30-35,Nữ,Bắc,Đô thị,CĐ,4653.350114354891,high,0,0
19,18-24,Nữ,Nam,Đô thị,ĐH,7481.096362538549,high,0,0
25,25-29,Nữ,Bắc,Nông thôn,ĐH,1278.5122970825826,low,0,0
22,18-24,Nam,Bắc,Đô thị,≤THPT,3654.2197098458737,mid,0,0
35,30-35,Nữ,Bắc,Nông thôn,CĐ,2740.731191811643,mid,0,0
19,18-24,Nữ,Trung,Đô thị,CĐ,3124.228159073276,mid,0,0
26,25-29,Nữ,Nam,Nông thôn,ĐH,3780.400236147647,mid,0,0
25,25-29,Nam,Bắc,Nông thôn,ĐH,3160.2103456509612,mid,0,1
24,18-24,Nữ,Trung,Nông thôn,CĐ,2723.6240509070117,mid,0,0
18,18-24,Nữ,Bắc,Nông thôn,CĐ,1279.4243372180447,low,0,0
30,30-35,Nam,Bắc,Nông thôn,ĐH,2880.3097473107005,mid,0,1
30,30-35,Nam,Nam,Đô thị,≤THPT,8994.406858881614,high,0,0
26,25-29,Nam,Bắc,Nông thôn,≤THPT,2479.107367352382,mid,0,1
31,30-35,Nữ,Nam,Nông thôn,≤THPT,2149.6040551816855,low,0,1
20,18-24,Nữ,Nam,Đô thị,≤THPT,4101.15527214676,high,0,0
29,25-29,Nữ,Trung,Nông thôn,≤THPT,5813.421808269066,high,0,1
29,25-29,Nam,Bắc,Nông thôn,≤THPT,2307.94733843489,low,0,1
30,30-35,Nữ,Bắc,Nông thôn,>ĐH,3280.609077350568,mid,0,0
25,25-29,Nữ,Bắc,Nông thôn,≤THPT,3045.9518942791888,mid,0,0
30,30-35,Nữ,Nam,Đô thị,≤THPT,2094.3600457210896,low,1,0
24,18-24,Nam,Nam,Nông thôn,ĐH,4968.372544328976,high,0,0
32,30-35,Nam,Bắc,Nông thôn,>ĐH,3141.411673468955,mid,0,1
29,25-29,Nữ,Nam,Nông thôn,CĐ,2766.9986151191015,mid,0,1
35,30-35,Nam,Bắc,Nông thôn,ĐH,2040.439891804282,low,1,0
23,18-24,Nữ,Trung,Đô thị,≤THPT,8314.962080668183,high,0,0
34,30-35,Nam,Bắc,Đô thị,≤THPT,1865.5307133452864,low,0,0
34,30-35,Nam,Trung,Nông thôn,≤THPT,2024.9889199040267,low,0,1
19,18-24,Nam,Trung,Đô thị,CĐ,2651.337934202835,mid,0,0
25,25-29,Nam,Nam,Nông thôn,ĐH,2724.0528272195247,mid,0,0
33,30-35,Nữ,Nam,Nông thôn,≤THPT,6386.040726771683,high,0,0
26,25-29,Nam,Nam,Đô thị,ĐH,6454.510854644873,high,0,0
23,18-24,Nữ,Nam,Nông thôn,ĐH,6073.765129374403,high,0,0
19,18-24,Nữ,Bắc,Đô thị,ĐH,2507.9925448910644,mid,0,0
25,25-29,Nữ,Bắc,Đô thị,≤THPT,1825.5529953689488,low,0,0
18,18-24,Nữ,Bắc,Đô thị,≤THPT,1085.496688961944,low,0,0
22,18-24,Nữ,Nam,Nông thôn,≤THPT,4423.089531734905,high,0,0
28,25-29,Nam,Bắc,Đô thị,≤THPT,4392.933979854678,high,0,0
32,30-35,Nữ,Bắc,Đô thị,≤THPT,6256.888461288547,high,0,0
30,30-35,Nam,Bắc,Nông thôn,≤THPT,2342.757864144754,low,0,0
20,18-24,Nam,Bắc,Đô thị,≤THPT,3088.6779671061645,mid,0,0
19,18-24,Nam,Bắc,Đô thị,≤THPT,3338.7183587456116,mid,0,0
32,30-35,Nam,Bắc,Đô thị,ĐH,2842.394205643096,mid,0,0
19,18-24,Nam,Nam,Nông thôn,CĐ,1949.2495212403535,low,0,1
34,30-35,Nam,Nam,Nông thôn,≤THPT,4002.5499398914403,mid,1,1
18,18-24,Nữ,Bắc,Đô thị,ĐH,10965.632774701135,high,0,0
22,18-24,Nữ,Trung,Đô thị,≤THPT,8903.755411152502,high,0,0
25,25-29,Nam,Nam,Đô thị,CĐ,2297.653744072444,low,0,0
24,18-24,Nữ,Bắc,Nông thôn,≤THPT,1197.9188969632235,low,0,0
24,18-24,Nam,Nam,Đô thị,≤THPT,4818.493590068366,high,0,0
35,30-35,Nam,Bắc,Nông thôn,≤THPT,1118.427169045183,low,0,0
28,25-29,Nam,Bắc,Đô thị,ĐH,2112.5253981939663,low,0,0
35,30-35,Nữ,Bắc,Đô thị,ĐH,7178.311224947258,high,0,0
34,30-35,Nữ,Bắc,Nông thôn,ĐH,3628.6448290912213,mid,1,0
27,25-29,Nam,Nam,Nông thôn,≤THPT,1315.881533744179,low,0,0
24,18-24,Nam,Trung,Nông thôn,≤THPT,1459.7922833785808,low,0,0
26,25-29,Nữ,Bắc,Nông thôn,ĐH,3995.6459362134046,mid,0,0
35,30-35,Nam,Bắc,Đô thị,≤THPT,1602.674751920773,low,1,1
25,25-29,Nam,Trung,Đô thị,CĐ,7242.4940560762625,high,0,0
30,30-35,Nữ,Bắc,Nông thôn,>ĐH,1758.5567702858093,low,0,1
29,25-29,Nam,Bắc,Nông thôn,ĐH,3787.12360747408,mid,0,0
31,30-35,Nữ,Bắc,Đô thị,ĐH,2551.2939230885027,mid,0,1
32,30-35,Nữ,Trung,Đô thị,≤THPT,2045.6653391200045,low,0,0
27,25-29,Nữ,Bắc,Đô thị,≤THPT,4137.8217222743,high,0,0
21,18-24,Nam,Nam,Đô thị,≤THPT,5119.003025553626,high,0,0
35,30-35,Nam,Nam,Nông thôn,≤THPT,2435.381388026695,mid,0,0
31,30-35,Nữ,Nam,Đô thị,CĐ,7717.44828590503,high,0,0
21,18-24,Nam,Bắc,Đô thị,ĐH,6169.058128737926,high,0,0
22,18-24,Nữ,Bắc,Nông thôn,ĐH,3546.006993553339,mid,0,0
31,30-35,Nam,Bắc,Nông thôn,CĐ,1137.9070796105284,low,0,0
35,30-35,Nam,Nam,Đô thị,≤THPT,5639.012054791208,high,1,0
23,18-24,Nam,Bắc,Đô thị,CĐ,6538.42727979373,high,0,0
25,25-29,Nữ,Trung,Nông thôn,ĐH,3701.6740914787183,mid,1,1
22,18-24,Nam,Nam,Đô thị,CĐ,2707.4126740190095,mid,0,0
20,18-24,Nữ,Bắc,Nông thôn,ĐH,3812.539865052224,mid,0,0
23,18-24,Nam,Bắc,Nông thôn,CĐ,6863.968985190099,high,0,1
31,30-35,Nữ,Bắc,Đô thị,ĐH,5717.754188239766,high,0,0
34,30-35,Nữ,Trung,Nông thôn,ĐH,3930.0461057570424,mid,0,0
27,25-29,Nam,Nam,Nông thôn,>ĐH,4650.971258086654,high,0,0
27,25-29,Nữ,Nam,Nông thôn,>ĐH,14719.296401097123,high,0,0
31,30-35,Nữ,Bắc,Nông thôn,CĐ,2587.2196352271644,mid,0,1
28,25-29,Nữ,Nam,Nông thôn,≤THPT,1213.0802099669572,low,0,0
28,25-29,Nữ,Bắc,Nông thôn,≤THPT,1175.3909413169115,low,1,0
26,25-29,Nam,Nam,Đô thị,ĐH,4324.3852637331165,high,0,1
21,18-24,Nam,Bắc,Nông thôn,≤THPT,1607.339538185418,low,0,0
25,25-29,Nam,Trung,Đô thị,ĐH,7793.346304787418,high,0,0
26,25-29,Nữ,Nam,Đô thị,CĐ,2066.9200985715547,low,0,0
19,18-24,Nam,Nam,Đô thị,≤THPT,2593.9293883905184,mid,0,0
35,30-35,Nữ,Trung,Nông thôn,ĐH,2542.5507070743133,mid,0,0
31,30-35,Nam,Nam,Đô thị,≤THPT,3532.2224522623455,mid,0,1
31,30-35,Nữ,Bắc,Nông thôn,CĐ,4011.8606844822016,mid,0,0
20,18-24,Nữ,Trung,Đô thị,≤THPT,4350.730202445531,high,0,0
20,18-24,Nữ,Bắc,Nông thôn,≤THPT,2321.3480512915967,low,0,0
21,18-24,Nữ,Bắc,Đô thị,ĐH,6020.173269582471,high,0,0
22,18-24,Nam,Bắc,Nông thôn,≤THPT,3312.9426049655144,mid,0,0
27,25-29,Nữ,Bắc,Nông thôn,>ĐH,4023.017255181013,high,0,1
21,18-24,Nam,Bắc,Đô thị,ĐH,5674.857252060145,high,0,0
31,30-35,Nữ,Bắc,Đô thị,≤THPT,4076.2003881432997,high,0,1
25,25-29,Nam,Trung,Đô thị,≤THPT,4925.805257525357,high,0,0
23,18-24,Nữ,Bắc,Nông thôn,>ĐH,3227.3445145994847,mid,0,0
30,30-35,Nữ,Nam,Nông thôn,ĐH,4855.142648467644,high,0,0
30,30-35,Nam,Bắc,Đô thị,ĐH,6427.038160167354,high,0,1
34,30-35,Nữ,Nam,Đô thị,ĐH,6752.818161262529,high,0,0
27,25-29,Nữ,Nam,Nông thôn,ĐH,2291.144645953222,low,0,0
28,25-29,Nữ,Nam,Nông thôn,ĐH,6808.981578089442,high,0,1
18,18-24,Nam,Nam,Đô thị,>ĐH,2105.717374354543,low,0,0
26,25-29,Nữ,Trung,Đô thị,≤THPT,1671.7028033318936,low,0,0
27,25-29,Nam,Bắc,Nông thôn,≤THPT,5575.872819979027,high,0,0
26,25-29,Nữ,Bắc,Nông thôn,≤THPT,4726.9850671725735,high,0,1
33,30-35,Nam,Trung,Nông thôn,≤THPT,2698.6301671716064,mid,0,0
25,25-29,Nam,Bắc,Đô thị,≤THPT,2976.4976158445074,mid,0,0
21,18-24,Nữ,Bắc,Nông thôn,CĐ,4399.779485027822,high,0,0
18,18-24,Nữ,Bắc,Nông thôn,ĐH,2614.990507284585,mid,0,0
29,25-29,Nam,Bắc,Đô thị,≤THPT,1152.0454663219466,low,0,0
28,25-29,Nữ,Bắc,Nông thôn,>ĐH,4197.083669227834,high,0,0
19,18-24,Nữ,Trung,Đô thị,≤THPT,1639.341879324407,low,0,0
25,25-29,Nam,Trung,Nông thôn,≤THPT,1250.678048883355,low,0,0
34,30-35,Nữ,Bắc,Đô thị,≤THPT,11458.31845012697,high,0,0
27,25-29,Nam,Bắc,Nông thôn,≤THPT,1731.5185160551305,low,0,0
31,30-35,Nam,Nam,Đô thị,CĐ,2881.193952973912,mid,0,1
32,30-35,Nữ,Bắc,Nông thôn,≤THPT,1565.6827220321834,low,0,1
28,25-29,Nam,Nam,Nông thôn,ĐH,3178.7679988211485,mid,0,0
35,30-35,Nam,Trung,Nông thôn,≤THPT,3693.63641396153,mid,0,0
24,18-24,Nam,Nam,Đô thị,≤THPT,1992.1404429822196,low,0,0
19,18-24,Nữ,Bắc,Nông thôn,ĐH,2947.751652321683,mid,0,0
35,30-35,Nữ,Nam,Đô thị,≤THPT,5449.038696142934,high,0,0
18,18-24,Nam,Bắc,Đô thị,≤THPT,1167.1547706909341,low,0,0
26,25-29,Nữ,Nam,Nông thôn,ĐH,2980.559012996706,mid,0,0
31,30-35,Nam,Bắc,Nông thôn,≤THPT,2286.1820833128795,low,0,0
18,18-24,Nữ,Nam,Đô thị,≤THPT,4255.35009610685,high,0,0
22,18-24,Nữ,Bắc,Nông thôn,ĐH,4352.29445092617,high,0,0
20,18-24,Nam,Nam,Đô thị,≤THPT,1860.0958124494757,low,0,0
23,18-24,Nam,Trung,Nông thôn,CĐ,6782.343070710723,high,0,0
27,25-29,Nữ,Trung,Nông thôn,CĐ,4303.390704939911,high,1,0
19,18-24,Nam,Trung,Nông thôn,ĐH,4146.378466252428,high,0,0
31,30-35,Nữ,Nam,Nông thôn,ĐH,4576.126165459406,high,0,0
24,18-24,Nam,Trung,Đô thị,≤THPT,4570.8159713016985,high,0,0
25,25-29,Nữ,Nam,Nông thôn,ĐH,2589.091959343376,mid,0,0
23,18-24,Nữ,Bắc,Nông thôn,≤THPT,3754.7933788337923,mid,0,1
34,30-35,Nam,Trung,Đô thị,≤THPT,6814.1573061027075,high,0,0
27,25-29,Nam,Trung,Đô thị,≤THPT,2254.2137559044586,low,0,0
22,18-24,Nữ,Bắc,Đô thị,≤THPT,5733.736386543732,high,0,1
30,30-35,Nữ,Bắc,Nông thôn,CĐ,4200.741675015413,high,0,0
19,18-24,Nữ,Bắc,Đô thị,ĐH,2737.665410223207,mid,0,0
31,30-35,Nữ,Nam,Nông thôn,ĐH,2182.0958093537047,low,0,0
33,30-35,Nữ,Bắc,Nông thôn,≤THPT,2215.3740299092888,low,0,1
19,18-24,Nữ,Nam,Nông thôn,≤THPT,8586.682992933656,high,0,0
31,30-35,Nam,Trung,Nông thôn,≤THPT,4862.418815921872,high,0,0
22,18-24,Nữ,Trung,Nông thôn,CĐ,4437.789955413476,high,0,0
21,18-24,Nữ,Bắc,Nông thôn,ĐH,1896.1654224663207,low,0,0
18,18-24,Nữ,Nam,Nông thôn,ĐH,2018.4581428819415,low,0,0
24,18-24,Nữ,Bắc,Đô thị,CĐ,1993.0599624520255,low,0,0
23,18-24,Nam,Bắc,Nông thôn,≤THPT,1348.6356269302585,low,0,1
34,30-35,Nữ,Bắc,Nông thôn,≤THPT,3144.5735386473552,mid,0,0
35,30-35,Nữ,Trung,Nông thôn,>ĐH,4808.286252423206,high,0,0
29,25-29,Nam,Bắc,Nông thôn,≤THPT,2236.117906790019,low,0,0
25,25-29,Nữ,Bắc,Đô thị,ĐH,6061.007768790379,high,0,0
34,30-35,Nữ,Bắc,Đô thị,CĐ,1046.756758140725,low,0,0
19,18-24,Nữ,Nam,Đô thị,≤THPT,2837.953058712627,mid,0,0
21,18-24,Nữ,Bắc,Nông thôn,≤THPT,955.618691713482,low,0,1
27,25-29,Nam,Bắc,Nông thôn,≤THPT,1371.378315213569,low,0,0
21,18-24,Nữ,Trung,Nông thôn,ĐH,4637.140423651916,high,0,0
27,25-29,Nữ,Nam,Nông thôn,ĐH,2051.7463723773812,low,0,0
22,18-24,Nữ,Trung,Đô thị,ĐH,3461.2337621231454,mid,0,0
20,18-24,Nam,Nam,Đô thị,CĐ,1854.652937996289,low,0,0
20,18-24,Nam,Nam,Nông thôn,CĐ,3408.4616834955305,mid,0,0
32,30-35,Nữ,Nam,Nông thôn,≤THPT,801.4631592690863,low,0,0
18,18-24,Nam,Nam,Nông thôn,ĐH,3439.5608637652363,mid,0,0
23,18-24,Nữ,Trung,Nông thôn,≤THPT,2083.1142863657847,low,0,0
25,25-29,Nữ,Bắc,Nông thôn,ĐH,5686.701537395998,high,1,0
30,30-35,Nữ,Nam,Đô thị,≤THPT,3280.303907606561,mid,0,0
24,18-24,Nữ,Bắc,Nông thôn,>ĐH,2968.7832450966694,mid,0,0
25,25-29,Nữ,Trung,Nông thôn,CĐ,1881.3511247484212,low,1,0
18,18-24,Nam,Nam,Đô thị,≤THPT,1809.8544396176896,low,0,0
27,25-29,Nữ,Trung,Nông thôn,≤THPT,1571.693574063945,low,0,0
20,18-24,Nữ,Nam,Đô thị,≤THPT,8887.86548527282,high,0,0
18,18-24,Nữ,Trung,Đô thị,ĐH,3999.1649695536607,mid,0,0
19,18-24,Nam,Bắc,Đô thị,CĐ,1648.3745879973571,low,0,0
21,18-24,Nữ,Bắc,Nông thôn,ĐH,5430.342958239244,high,0,0
23,18-24,Nam,Bắc,Đô thị,CĐ,3204.25248441352,mid,0,0
25,25-29,Nữ,Bắc,Nông thôn,≤THPT,1964.8358416326873,low,0,0
31,30-35,Nữ,Bắc,Đô thị,CĐ,3336.781093320484,mid,0,0
20,18-24,Nữ,Trung,Đô thị,≤THPT,10304.143069673431,high,0,0
34,30-35,Nữ,Trung,Nông thôn,≤THPT,5117.75678093642,high,0,0
26,25-29,Nam,Trung,Đô thị,CĐ,3136.640020224443,mid,0,0
20,18-24,Nữ,Trung,Nông thôn,≤THPT,1784.2652468612553,low,0,0
23,18-24,Nam,Bắc,Nông thôn,ĐH,5566.236366538133,high,0,0
28,25-29,Nữ,Nam,Nông thôn,ĐH,4060.168633125697,high,1,0
23,18-24,Nam,Trung,Đô thị,ĐH,10729.75116548107,high,0,0
30,30-35,Nữ,Nam,Nông thôn,>ĐH,4233.831728138043,high,0,1
28,25-29,Nữ,Nam,Nông thôn,>ĐH,5113.20999313279,high,0,1
29,25-29,Nữ,Trung,Nông thôn,ĐH,12342.16483630616,high,0,1
27,25-29,Nam,Trung,Nông thôn,≤THPT,4445.009273867176,high,0,0
31,30-35,Nam,Bắc,Nông thôn,>ĐH,8808.896070153596,high,0,0
21,18-24,Nữ,Bắc,Đô thị,≤THPT,3846.38318724128,mid,0,0
26,25-29,Nam,Bắc,Nông thôn,ĐH,995.5633145669988,low,1,0
27,25-29,Nam,Nam,Nông thôn,≤THPT,3555.1746685687303,mid,0,0
28,25-29,Nữ,Bắc,Nông thôn,≤THPT,3369.370513835652,mid,0,0
29,25-29,Nam,Nam,Nông thôn,>ĐH,6831.914013908814,high,0,0
19,18-24,Nữ,Nam,Nông thôn,CĐ,3736.4105048583306,mid,0,0
21,18-24,Nam,Nam,Nông thôn,ĐH,6252.1409445387735,high,0,0
32,30-35,Nữ,Nam,Đô thị,≤THPT,2168.3478595338743,low,0,0
18,18-24,Nam,Bắc,Nông thôn,≤THPT,1193.0595615330337,low,0,0
26,25-29,Nam,Bắc,Đô thị,ĐH,2537.0626239879757,mid,0,0
24,18-24,Nam,Trung,Đô thị,ĐH,3565.4193894338496,mid,0,0
19,18-24,Nữ,Nam,Đô thị,≤THPT,3920.5680473826847,mid,0,0
32,30-35,Nam,Nam,Đô thị,≤THPT,5415.639439856119,high,0,0
24,18-24,Nữ,Nam,Đô thị,>ĐH,12755.132546508321,high,0,0
25,25-29,Nữ,Trung,Đô thị,≤THPT,2167.228190737838,low,0,1
21,18-24,Nam,Nam,Đô thị,≤THPT,2797.431832686453,mid,0,0
29,25-29,Nữ,Trung,Đô thị,CĐ,7953.637063703847,high,0,0
26,25-29,Nữ,Bắc,Nông thôn,≤THPT,2593.615043165737,mid,1,0
19,18-24,Nam,Nam,Đô thị,>ĐH,6113.884502942656,high,0,0
35,30-35,Nữ,Nam,Nông thôn,ĐH,3290.790548880178,mid,0,0
26,25-29,Nữ,Nam,Nông thôn,≤THPT,2448.0383220416334,mid,0,1
29,25-29,Nam,Nam,Nông thôn,≤THPT,1131.831754475686,low,0,0
27,25-29,Nữ,Trung,Nông thôn,ĐH,5715.535187604886,high,0,0
22,18-24,Nam,Nam,Nông thôn,≤THPT,2101.055111675232,low,0,0
20,18-24,Nam,Trung,Nông thôn,≤THPT,4367.402111934944,high,0,0
18,18-24,Nam,Nam,Nông thôn,ĐH,2259.0000631616294,low,0,0
28,25-29,Nữ,Nam,Đô thị,≤THPT,1683.6103886869053,low,0,1
23,18-24,Nữ,Nam,Đô thị,≤THPT,4842.48172732585,high,0,0
31,30-35,Nam,Nam,Nông thôn,≤THPT,1906.5566774146212,low,0,0
20,18-24,Nữ,Nam,Nông thôn,>ĐH,3353.4796748831845,mid,0,0
21,18-24,Nữ,Trung,Nông thôn,≤THPT,1577.1946533685948,low,0,0
22,18-24,Nam,Nam,Nông thôn,≤THPT,1991.5635009923028,low,0,0
22,18-24,Nữ,Bắc,Nông thôn,≤THPT,1625.2348192403347,low,0,1
28,25-29,Nữ,Nam,Đô thị,ĐH,2190.883994506208,low,0,0
24,18-24,Nam,Bắc,Nông thôn,≤THPT,2325.085979714664,low,0,0
34,30-35,Nam,Trung,Đô thị,≤THPT,2733.6193208996233,mid,0,0
32,30-35,Nữ,Trung,Nông thôn,≤THPT,3554.158692733389,mid,1,0
25,25-29,Nữ,Bắc,Đô thị,CĐ,2881.7746377767776,mid,0,0
22,18-24,Nam,Nam,Nông thôn,ĐH,2733.643483308656,mid,0,0
33,30-35,Nữ,Bắc,Đô thị,ĐH,5436.109433358411,high,0,1
32,30-35,Nam,Nam,Nông thôn,≤THPT,3440.938506004485,mid,1,0
32,30-35,Nam,Bắc,Nông thôn,≤THPT,2733.0652327320786,mid,0,1
18,18-24,Nữ,Bắc,Đô thị,≤THPT,1970.7004853037888,low,0,0
24,18-24,Nữ,Trung,Nông thôn,≤THPT,4250.194486527611,high,0,0
26,25-29,Nữ,Trung,Nông thôn,CĐ,1382.1682790530267,low,1,0
25,25-29,Nữ,Nam,Nông thôn,CĐ,2466.506946006828,mid,0,0
30,30-35,Nam,Bắc,Nông thôn,ĐH,4146.585987183875,high,1,0
30,30-35,Nam,Bắc,Nông thôn,CĐ,1970.6699092014503,low,0,0
24,18-24,Nữ,Nam,Đô thị,≤THPT,5529.135118425538,high,0,0
32,30-35,Nữ,Bắc,Đô thị,≤THPT,4518.076621572632,high,0,0
23,18-24,Nam,Nam,Đô thị,>ĐH,6578.662693551807,high,0,0
28,25-29,Nữ,Trung,Nông thôn,CĐ,3584.6267374782033,mid,0,0
34,30-35,Nam,Nam,Nông thôn,ĐH,4287.816676692216,high,0,0
33,30-35,Nữ,Trung,Nông thôn,≤THPT,5726.419496927783,high,0,0
20,18-24,Nữ,Bắc,Nông thôn,CĐ,5194.792920326057,high,0,1
21,18-24,Nữ,Trung,Nông thôn,≤THPT,2495.750544195639,mid,0,0
29,25-29,Nam,Bắc,Nông thôn,CĐ,1109.9657698772858,low,1,0
20,18-24,Nữ,Nam,Đô thị,≤THPT,1688.7751499583721,low,0,1
32,30-35,Nam,Trung,Nông thôn,ĐH,2860.569557683432,mid,0,0
18,18-24,Nam,Trung,Đô thị,≤THPT,7565.634706003203,high,0,0
32,30-35,Nữ,Nam,Đô thị,ĐH,1214.453770263376,low,0,0
28,25-29,Nữ,Bắc,Đô thị,≤THPT,5318.657369681603,high,0,1
32,30-35,Nữ,Nam,Đô thị,ĐH,3887.7202017176323,mid,0,1
34,30-35,Nam,Nam,Nông thôn,ĐH,2064.8310664066344,low,0,0
28,25-29,Nữ,Nam,Nông thôn,ĐH,6826.878727237562,high,0,0
25,25-29,Nam,Trung,Nông thôn,≤THPT,4066.424027471184,high,0,1
22,18-24,Nữ,Bắc,Nông thôn,≤THPT,4681.234941832829,high,0,0
29,25-29,Nữ,Nam,Đô thị,>ĐH,3673.1506209783024,mid,0,0
20,18-24,Nam,Nam,Đô thị,≤THPT,3434.396370430972,mid,0,0
19,18-24,Nữ,Trung,Đô thị,ĐH,4658.8851983430395,high,0,0
20,18-24,Nữ,Nam,Nông thôn,ĐH,11971.338505428203,high,0,0
23,18-24,Nam,Bắc,Nông thôn,ĐH,7358.034470607056,high,0,0
22,18-24,Nữ,Bắc,Nông thôn,≤THPT,861.0759605529128,low,0,0
24,18-24,Nam,Nam,Nông thôn,≤THPT,851.263511665118,low,0,1
31,30-35,Nữ,Nam,Nông thôn,CĐ,1233.0016655948375,low,0,0
28,25-29,Nam,Bắc,Nông thôn,≤THPT,1946.5297186382024,low,0,1
32,30-35,Nữ,Nam,Nông thôn,>ĐH,1878.2463212612697,low,0,1
29,25-29,Nữ,Nam,Đô thị,≤THPT,2620.978125223373,mid,0,1
31,30-35,Nam,Bắc,Nông thôn,≤THPT,3193.1216080921076,mid,0,0
19,18-24,Nam,Bắc,Đô thị,CĐ,1979.8565996511884,low,0,0
30,30-35,Nữ,Bắc,Nông thôn,≤THPT,965.6067587233119,low,0,1
20,18-24,Nữ,Bắc,Nông thôn,≤THPT,2449.219097809851,mid,0,0
29,25-29,Nữ,Trung,Đô thị,ĐH,3644.99127333205,mid,0,0
31,30-35,Nam,Trung,Nông thôn,ĐH,1689.1013997197963,low,1,0
19,18-24,Nam,Bắc,Nông thôn,ĐH,2552.210990920411,mid,0,0
31,30-35,Nữ,Nam,Đô thị,ĐH,2059.461128587592,low,1,0
23,18-24,Nữ,Trung,Nông thôn,≤THPT,2164.4922710553246,low,0,0
33,30-35,Nam,Bắc,Nông thôn,≤THPT,1231.6401034612463,low,1,0
30,30-35,Nữ,Trung,Nông thôn,>ĐH,2452.1684892605313,mid,0,0
30,30-35,Nam,Nam,Đô thị,≤THPT,4493.392335469067,high,0,1
19,18-24,Nữ,Bắc,Đô thị,CĐ,6509.673373874598,high,0,0
32,30-35,Nữ,Bắc,Đô thị,≤THPT,5761.5170655835245,high,0,0
20,18-24,Nam,Bắc,Đô thị,ĐH,4595.845302799565,high,1,0
32,30-35,Nam,Nam,Đô thị,CĐ,3643.9453929298625,mid,0,0
24,18-24,Nam,Nam,Đô thị,ĐH,3323.2485211640223,mid,0,0
26,25-29,Nữ,Nam,Nông thôn,ĐH,3191.558345639089,mid,0,0
29,25-29,Nữ,Bắc,Nông thôn,≤THPT,1756.4732615945397,low,0,0
22,18-24,Nữ,Nam,Đô thị,ĐH,2442.875065256582,mid,0,0
32,30-35,Nữ,Trung,Nông thôn,≤THPT,3534.987100386812,mid,0,1
25,25-29,Nữ,Bắc,Đô thị,ĐH,4043.8629506316956,high,1,0
33,30-35,Nữ,Bắc,Nông thôn,ĐH,3343.6135508356833,mid,0,0
26,25-29,Nam,Bắc,Nông thôn,≤THPT,1904.6216998337316,low,0,0
20,18-24,Nam,Trung,Nông thôn,ĐH,4378.901232826937,high,0,0
29,25-29,Nam,Nam,Nông thôn,≤THPT,3201.831149778816,mid,0,0
32,30-35,Nam,Nam,Nông thôn,ĐH,3473.0634629439837,mid,0,0
21,18-24,Nữ,Bắc,Nông thôn,≤THPT,1146.0607576434961,low,0,0
22,18-24,Nam,Bắc,Nông thôn,ĐH,1728.2428572111346,low,0,0
23,18-24,Nữ,Bắc,Đô thị,ĐH,3898.81013125561,mid,0,0
22,18-24,Nữ,Bắc,Nông thôn,ĐH,5377.64789340718,high,0,0
21,18-24,Nữ,Bắc,Đô thị,>ĐH,4453.861228021863,high,0,0
26,25-29,Nam,Trung,Đô thị,CĐ,3937.456241687923,mid,0,0
26,25-29,Nam,Bắc,Đô thị,ĐH,3084.384251438118,mid,0,0
34,30-35,Nữ,Bắc,Nông thôn,CĐ,11161.485361456482,high,0,1
23,18-24,Nam,Bắc,Nông thôn,CĐ,4582.0270142432,high,1,0
28,25-29,Nam,Nam,Nông thôn,≤THPT,794.0410404737349,low,0,1
21,18-24,Nam,Bắc,Đô thị,CĐ,2589.2242534356124,mid,0,0
22,18-24,Nam,Nam,Nông thôn,CĐ,13847.626381981607,high,0,0
20,18-24,Nữ,Bắc,Nông thôn,ĐH,2528.2871549788388,mid,0,0
32,30-35,Nữ,Bắc,Nông thôn,ĐH,2530.208027229847,mid,0,1
21,18-24,Nam,Bắc,Nông thôn,>ĐH,3704.813733278572,mid,0,0
23,18-24,Nữ,Trung,Đô thị,≤THPT,4123.896368342615,high,0,0
22,18-24,Nam,Nam,Đô thị,≤THPT,2348.939557552274,low,1,1
32,30-35,Nam,Bắc,Nông thôn,≤THPT,3141.599564855043,mid,0,1
34,30-35,Nữ,Bắc,Nông thôn,>ĐH,1439.836412317825,low,0,0
22,18-24,Nam,Bắc,Đô thị,≤THPT,1615.5165465947948,low,0,0
26,25-29,Nam,Bắc,Đô thị,≤THPT,4242.877521739098,high,0,1
27,25-29,Nam,Bắc,Nông thôn,≤THPT,9486.29717786774,high,0,0
31,30-35,Nam,Trung,Nông thôn,>ĐH,7996.144424807425,high,0,0
34,30-35,Nam,Nam,Đô thị,CĐ,5979.9513357724145,high,0,0
18,18-24,Nam,Bắc,Đô thị,≤THPT,1157.4895554280022,low,0,1
21,18-24,Nữ,Trung,Nông thôn,CĐ,3673.6852229964466,mid,0,0
32,30-35,Nam,Nam,Đô thị,>ĐH,9664.735405123263,high,0,0
34,30-35,Nữ,Nam,Nông thôn,≤THPT,1318.8053150700043,low,0,0
26,25-29,Nữ,Nam,Đô thị,ĐH,1811.7770701064235,low,0,0
28,25-29,Nam,Nam,Đô thị,CĐ,2834.639617116271,mid,0,0
33,30-35,Nam,Nam,Nông thôn,CĐ,3907.5238768977615,mid,0,0
32,30-35,Nam,Bắc,Đô thị,ĐH,2917.669554708241,mid,1,0
34,30-35,Nữ,Bắc,Nông thôn,ĐH,6053.439566810023,high,0,0
30,30-35,Nam,Trung,Đô thị,ĐH,2830.018815135537,mid,0,0
25,25-29,Nữ,Bắc,Đô thị,≤THPT,1781.31742311551,low,0,0
34,30-35,Nữ,Nam,Đô thị,CĐ,2324.9685634366188,low,0,0
25,25-29,Nữ,Nam,Nông thôn,≤THPT,2626.61581896828,mid,1,0
18,18-24,Nữ,Trung,Đô thị,≤THPT,2928.5530455811822,mid,0,0
20,18-24,Nam,Bắc,Đô thị,≤THPT,4934.39657682313,high,0,0
34,30-35,Nam,Trung,Đô thị,≤THPT,2554.8356931524218,mid,0,0
23,18-24,Nam,Bắc,Đô thị,≤THPT,2310.2783400015196,low,0,0
26,25-29,Nữ,Nam,Nông thôn,ĐH,7408.682900292287,high,0,0
32,30-35,Nữ,Bắc,Nông thôn,CĐ,1149.3317284818654,low,0,1
35,30-35,Nữ,Trung,Nông thôn,ĐH,2519.4030828410487,mid,0,1
22,18-24,Nam,Nam,Nông thôn,≤THPT,3806.2337854551183,mid,1,0
19,18-24,Nữ,Bắc,Đô thị,≤THPT,5163.801202798101,high,0,0
25,25-29,Nam,Nam,Nông thôn,ĐH,4624.601214582148,high,0,0
18,18-24,Nam,Trung,Nông thôn,ĐH,3320.0134994098516,mid,0,0
19,18-24,Nam,Bắc,Đô thị,≤THPT,2801.31866922295,mid,0,0
33,30-35,Nam,Nam,Nông thôn,ĐH,2293.1791524944856,low,0,0
29,25-29,Nam,Bắc,Nông thôn,ĐH,8049.426262400004,high,0,0
22,18-24,Nữ,Nam,Đô thị,ĐH,1274.109240816243,low,0,0
32,30-35,Nữ,Bắc,Đô thị,≤THPT,878.4795166624514,low,1,1
18,18-24,Nữ,Bắc,Đô thị,≤THPT,2448.9523357300545,mid,0,0
19,18-24,Nam,Bắc,Nông thôn,≤THPT,2533.205188353742,mid,0,0
32,30-35,Nam,Nam,Đô thị,CĐ,4292.168832583652,high,0,0
29,25-29,Nữ,Nam,Nông thôn,≤THPT,1396.263294646366,low,0,0
32,30-35,Nam,Nam,Đô thị,≤THPT,5329.828489582943,high,0,0
21,18-24,Nam,Bắc,Nông thôn,≤THPT,1317.8473015782765,low,0,0
25,25-29,Nữ,Bắc,Đô thị,≤THPT,2141.6310253393635,low,0,0
35,30-35,Nam,Nam,Nông thôn,ĐH,3716.115707071789,mid,0,0
21,18-24,Nữ,Bắc,Nông thôn,>ĐH,15960.849586006281,high,0,0
23,18-24,Nữ,Nam,Đô thị,≤THPT,3016.7174892291823,mid,0,0
23,18-24,Nam,Trung,Nông thôn,CĐ,3924.1197326369543,mid,0,0
31,30-35,Nữ,Nam,Nông thôn,CĐ,2960.019113003196,mid,0,0
29,25-29,Nữ,Nam,Đô thị,≤THPT,2036.6400297217983,low,0,0
21,18-24,Nữ,Trung,Nông thôn,≤THPT,1825.4673201341755,low,0,1
35,30-35,Nữ,Trung,Nông thôn,ĐH,1775.6464077415894,low,0,0
30,30-35,Nữ,Nam,Đô thị,CĐ,2483.0135302412255,mid,0,0
34,30-35,Nam,Trung,Đô thị,ĐH,2300.7199585340213,low,0,0
31,30-35,Nam,Nam,Nông thôn,≤THPT,5757.260535313335,high,1,0
31,30-35,Nam,Nam,Đô thị,ĐH,2713.1913101735922,mid,0,0
20,18-24,Nữ,Bắc,Đô thị,CĐ,3362.7981030197893,mid,0,0
25,25-29,Nam,Bắc,Nông thôn,≤THPT,3662.4336157804373,mid,0,0
19,18-24,Nữ,Bắc,Đô thị,≤THPT,2227.394863040519,low,0,0
31,30-35,Nam,Nam,Nông thôn,CĐ,1891.4699855450403,low,0,0
22,18-24,Nữ,Bắc,Nông thôn,ĐH,3427.5480242788353,mid,0,0
35,30-35,Nữ,Trung,Đô thị,≤THPT,4200.047475929648,high,0,0
31,30-35,Nam,Nam,Nông thôn,≤THPT,4676.512103073157,high,1,1
21,18-24,Nam,Bắc,Đô thị,≤THPT,1857.611457412784,low,0,0
26,25-29,Nữ,Trung,Nông thôn,ĐH,1734.302971413609,low,0,1
20,18-24,Nữ,Nam,Nông thôn,ĐH,7839.193702816242,high,0,1
32,30-35,Nam,Trung,Đô thị,ĐH,3532.1415064336707,mid,0,1
21,18-24,Nam,Nam,Nông thôn,ĐH,2763.892709839448,mid,0,0
30,30-35,Nữ,Bắc,Nông thôn,≤THPT,749.8585062724752,low,0,0
28,25-29,Nam,Bắc,Đô thị,ĐH,6230.323054813534,high,1,0
20,18-24,Nữ,Bắc,Đô thị,≤THPT,3220.2957542312897,mid,0,0
35,30-35,Nam,Bắc,Nông thôn,≤THPT,2200.796138173079,low,0,0
31,30-35,Nữ,Bắc,Đô thị,ĐH,2669.6323687522404,mid,0,0
33,30-35,Nữ,Nam,Đô thị,ĐH,6407.441555349884,high,0,0
35,30-35,Nam,Nam,Nông thôn,ĐH,2606.003564700147,mid,0,1
24,18-24,Nam,Trung,Nông thôn,≤THPT,4273.678658879786,high,0,0
28,25-29,Nam,Bắc,Nông thôn,≤THPT,688.6814296146935,low,0,0
33,30-35,Nữ,Nam,Đô thị,≤THPT,1050.9928241616528,low,0,0
20,18-24,Nữ,Nam,Nông thôn,ĐH,5308.822392779069,high,0,0
32,30-35,Nam,Nam,Đô thị,>ĐH,4535.94991566629,high,0,0
23,18-24,Nam,Nam,Nông thôn,ĐH,3532.682111990002,mid,0,0
22,18-24,Nữ,Trung,Nông thôn,≤THPT,3072.1758828593897,mid,0,0
34,30-35,Nữ,Nam,Nông thôn,CĐ,1736.904589657404,low,0,0
33,30-35,Nữ,Trung,Nông thôn,≤THPT,2102.377153899847,low,0,1
30,30-35,Nữ,Trung,Đô thị,CĐ,2987.1289419363025,mid,1,1
34,30-35,Nam,Bắc,Đô thị,≤THPT,4016.77868944297,high,0,1
33,30-35,Nam,Bắc,Nông thôn,≤THPT,1346.3862711353775,low,1,0
21,18-24,Nam,Nam,Đô thị,ĐH,8960.34307263411,high,0,1
22,18-24,Nữ,Bắc,Nông thôn,≤THPT,1237.0977684747108,low,0,0
22,18-24,Nam,Trung,Nông thôn,≤THPT,2416.7540929432726,low,0,0
18,18-24,Nữ,Bắc,Nông thôn,ĐH,2318.3982746943384,low,0,0
24,18-24,Nam,Bắc,Đô thị,ĐH,9130.112931383195,high,0,1
35,30-35,Nữ,Trung,Nông thôn,CĐ,2962.290212891319,mid,0,0
32,30-35,Nữ,Trung,Đô thị,ĐH,15489.84336363888,high,0,0
19,18-24,Nữ,Bắc,Nông thôn,≤THPT,4637.27374102256,high,0,0
35,30-35,Nữ,Bắc,Nông thôn,≤THPT,2871.1391519895246,mid,0,0
20,18-24,Nam,Bắc,Nông thôn,CĐ,4003.2318973595243,mid,0,0
25,25-29,Nam,Bắc,Nông thôn,≤THPT,1620.9282992542578,low,0,0
19,18-24,Nữ,Bắc,Nông thôn,≤THPT,1347.3906100020777,low,0,0
32,30-35,Nữ,Bắc,Đô thị,≤THPT,5263.29505417198,high,0,0
24,18-24,Nam,Nam,Đô thị,CĐ,4601.476676685615,high,0,0
34,30-35,Nữ,Bắc,Nông thôn,ĐH,1824.514298105822,low,1,0
26,25-29,Nữ,Trung,Nông thôn,ĐH,4861.911084093195,high,1,1
35,30-35,Nữ,Nam,Nông thôn,ĐH,7478.58572757832,high,0,1
19,18-24,Nam,Bắc,Nông thôn,≤THPT,1248.04964712855,low,0,0
29,25-29,Nữ,Bắc,Đô thị,ĐH,6531.427648523224,high,0,0
34,30-35,Nam,Bắc,Nông thôn,≤THPT,1681.398379748881,low,1,0
26,25-29,Nữ,Nam,Đô thị,CĐ,6249.974327788806,high,0,0
21,18-24,Nữ,Bắc,Nông thôn,>ĐH,6654.1852508185475,high,0,0
29,25-29,Nam,Nam,Nông thôn,≤THPT,1931.4036014607948,low,0,0
25,25-29,Nữ,Bắc,Đô thị,≤THPT,5663.0827375366325,high,0,0
27,25-29,Nam,Nam,Nông thôn,CĐ,5884.322287324516,high,0,1
21,18-24,Nữ,Bắc,Đô thị,CĐ,5423.384951876287,high,0,0
24,18-24,Nam,Nam,Đô thị,ĐH,3228.5238926958727,mid,0,0
33,30-35,Nữ,Nam,Đô thị,CĐ,7064.0734172699895,high,0,0
33,30-35,Nam,Bắc,Đô thị,CĐ,2148.3259368175445,low,0,1
33,30-35,Nữ,Nam,Đô thị,≤THPT,4900.0389215878795,high,0,0
31,30-35,Nữ,Bắc,Nông thôn,≤THPT,2145.2314884918046,low,1,1
26,25-29,Nam,Trung,Đô thị,ĐH,6506.227174480635,high,0,0
18,18-24,Nữ,Trung,Nông thôn,≤THPT,1804.8190555702397,low,0,0
28,25-29,Nam,Trung,Nông thôn,CĐ,4397.155790908397,high,0,0
22,18-24,Nam,Trung,Nông thôn,≤THPT,3467.3959697452538,mid,0,0
29,25-29,Nam,Nam,Đô thị,≤THPT,2638.983644948776,mid,0,1
26,25-29,Nam,Bắc,Nông thôn,≤THPT,4919.889402811457,high,0,0
22,18-24,Nữ,Nam,Nông thôn,≤THPT,2052.738204640989,low,0,0
30,30-35,Nữ,Nam,Đô thị,CĐ,3398.3001618308504,mid,0,1
28,25-29,Nam,Nam,Nông thôn,≤THPT,1592.420517842193,low,0,1
33,30-35,Nữ,Trung,Nông thôn,≤THPT,2189.4311161304227,low,1,0
22,18-24,Nữ,Bắc,Nông thôn,CĐ,2092.39645944921,low,0,0
22,18-24,Nam,Bắc,Đô thị,CĐ,4192.423711184874,high,0,0
18,18-24,Nữ,Bắc,Đô thị,≤THPT,5151.321527628192,high,0,0
21,18-24,Nam,Bắc,Nông thôn,CĐ,2463.2738032400907,mid,0,0
26,25-29,Nữ,Nam,Đô thị,>ĐH,6591.322012407505,high,0,0
21,18-24,Nam,Bắc,Nông thôn,CĐ,6476.773437998761,high,0,0
28,25-29,Nữ,Bắc,Nông thôn,ĐH,2275.778723784999,low,0,0
35,30-35,Nữ,Nam,Nông thôn,CĐ,2220.5726685356417,low,0,1
21,18-24,Nam,Trung,Nông thôn,CĐ,2052.223595829718,low,0,0
29,25-29,Nữ,Trung,Đô thị,CĐ,2892.3843040772967,mid,0,0
28,25-29,Nữ,Bắc,Nông thôn,≤THPT,2320.166059448631,low,0,0
30,30-35,Nữ,Bắc,Đô thị,≤THPT,6469.590973721906,high,0,0
24,18-24,Nữ,Bắc,Nông thôn,≤THPT,1169.5677546339246,low,0,0
25,25-29,Nam,Bắc,Nông thôn,ĐH,1096.1153567023161,low,0,1
23,18-24,Nữ,Bắc,Đô thị,≤THPT,1990.6947482241003,low,0,0
19,18-24,Nam,Bắc,Nông thôn,≤THPT,2385.411115554181,low,0,0
26,25-29,Nữ,Nam,Nông thôn,ĐH,1955.0163727410525,low,0,1
21,18-24,Nam,Bắc,Nông thôn,>ĐH,8379.166804248569,high,0,0
33,30-35,Nam,Nam,Nông thôn,≤THPT,2827.3096173097915,mid,0,1
22,18-24,Nam,Nam,Nông thôn,≤THPT,1335.1295486722017,low,0,0
22,18-24,Nữ,Bắc,Đô thị,≤THPT,4094.121747342014,high,0,0
25,25-29,Nam,Bắc,Nông thôn,ĐH,2552.872855019592,mid,1,0
34,30-35,Nam,Bắc,Đô thị,≤THPT,3815.930813528535,mid,0,1
34,30-35,Nam,Nam,Nông thôn,ĐH,4226.631669237797,high,0,0
25,25-29,Nữ,Nam,Nông thôn,≤THPT,10847.085740452992,high,0,1
21,18-24,Nữ,Nam,Đô thị,≤THPT,1105.1537143444127,low,0,0
18,18-24,Nam,Trung,Nông thôn,CĐ,3326.285707446074,mid,0,0
28,25-29,Nam,Nam,Nông thôn,≤THPT,1462.211359362285,low,0,0
24,18-24,Nữ,Nam,Nông thôn,ĐH,2520.148360383233,mid,0,0
24,18-24,Nữ,Nam,Nông thôn,≤THPT,1347.208476612385,low,0,0
32,30-35,Nam,Bắc,Đô thị,≤THPT,2701.397288806961,mid,0,0
33,30-35,Nữ,Bắc,Đô thị,≤THPT,1502.2484479878267,low,0,1
18,18-24,Nam,Nam,Đô thị,≤THPT,2053.761744653536,low,1,0
27,25-29,Nam,Nam,Nông thôn,CĐ,3071.4361944653565,mid,0,0
24,18-24,Nữ,Trung,Đô thị,ĐH,1777.6737219847992,low,0,0
26,25-29,Nữ,Nam,Nông thôn,≤THPT,3668.732097171672,mid,0,0
35,30-35,Nữ,Bắc,Nông thôn,≤THPT,3054.1154890401403,mid,0,0
32,30-35,Nữ,Bắc,Nông thôn,CĐ,4213.715279783392,high,0,1
26,25-29,Nữ,Bắc,Đô thị,ĐH,3590.4684277924507,mid,0,0
35,30-35,Nam,Bắc,Đô thị,≤THPT,983.3958655080764,low,0,1
25,25-29,Nam,Nam,Nông thôn,CĐ,3574.7883048268327,mid,0,0
24,18-24,Nữ,Bắc,Đô thị,CĐ,2491.2842281938897,mid,0,0
23,18-24,Nam,Bắc,Đô thị,≤THPT,4928.080891090736,high,0,0
24,18-24,Nữ,Nam,Nông thôn,≤THPT,3679.979034484567,mid,0,0
24,18-24,Nam,Bắc,Nông thôn,≤THPT,623.5151680445781,low,0,0
21,18-24,Nữ,Bắc,Đô thị,≤THPT,2217.0317743622786,low,0,0
27,25-29,Nữ,Trung,Đô thị,≤THPT,3948.0149342405753,mid,0,1
22,18-24,Nam,Trung,Đô thị,≤THPT,8349.9999583382,high,0,0
27,25-29,Nữ,Trung,Đô thị,≤THPT,2775.9453495568296,mid,0,1
28,25-29,Nữ,Bắc,Đô thị,ĐH,3635.2042491041584,mid,0,0
25,25-29,Nữ,Trung,Đô thị,≤THPT,1414.683998085814,low,1,0
28,25-29,Nam,Nam,Nông thôn,≤THPT,3409.82934784699,mid,0,0
29,25-29,Nam,Bắc,Nông thôn,≤THPT,2046.3920990368351,low,0,0
19,18-24,Nam,Bắc,Nông thôn,CĐ,4099.249339666278,high,0,0
22,18-24,Nam,Trung,Nông thôn,ĐH,2321.84734927602,low,0,0
34,30-35,Nữ,Nam,Đô thị,ĐH,11922.82095449434,high,0,0
19,18-24,Nữ,Bắc,Nông thôn,ĐH,10092.518652080806,high,0,0
30,30-35,Nam,Bắc,Nông thôn,CĐ,5513.399857659507,high,0,0
23,18-24,Nam,Trung,Nông thôn,≤THPT,2904.387140123811,mid,0,0
32,30-35,Nữ,Bắc,Nông thôn,ĐH,4801.016557495711,high,0,1
27,25-29,Nam,Nam,Nông thôn,CĐ,4575.737269260345,high,0,0
20,18-24,Nam,Nam,Đô thị,≤THPT,3700.7995771045626,mid,0,1
31,30-35,Nam,Bắc,Nông thôn,CĐ,2212.981438490501,low,0,0
25,25-29,Nữ,Nam,Đô thị,ĐH,6547.161016291071,high,0,1
34,30-35,Nữ,Bắc,Nông thôn,CĐ,8733.069935648573,high,1,1
24,18-24,Nữ,Nam,Nông thôn,≤THPT,1953.3361982576969,low,0,1
26,25-29,Nam,Bắc,Nông thôn,ĐH,3724.226680980526,mid,1,0
28,25-29,Nữ,Bắc,Đô thị,≤THPT,1722.9297791078932,low,0,0
19,18-24,Nữ,Bắc,Nông thôn,ĐH,5275.756913916715,high,0,0
25,25-29,Nam,Bắc,Nông thôn,ĐH,5369.605611192916,high,0,0
22,18-24,Nam,Bắc,Nông thôn,≤THPT,1701.574918502339,low,0,0
20,18-24,Nam,Trung,Nông thôn,ĐH,4423.110029159607,high,0,0
26,25-29,Nam,Bắc,Đô thị,≤THPT,6511.645357658419,high,0,0
32,30-35,Nữ,Bắc,Đô thị,≤THPT,2263.6416640323637,low,0,0
32,30-35,Nữ,Nam,Nông thôn,≤THPT,5240.671665082137,high,0,0
25,25-29,Nữ,Bắc,Đô thị,ĐH,3435.4649051125143,mid,0,0
27,25-29,Nam,Trung,Nông thôn,ĐH,2518.311130447419,mid,0,0
31,30-35,Nữ,Bắc,Nông thôn,CĐ,3800.614961843893,mid,0,0
19,18-24,Nữ,Trung,Nông thôn,ĐH,2108.63409397253,low,0,0
31,30-35,Nam,Bắc,Đô thị,ĐH,1624.706397773162,low,0,0
18,18-24,Nữ,Bắc,Nông thôn,ĐH,2604.75891673175,mid,0,0
28,25-29,Nam,Trung,Nông thôn,CĐ,5427.7766369989195,high,0,0
28,25-29,Nam,Nam,Nông thôn,CĐ,4648.190695739559,high,0,0
29,25-29,Nữ,Nam,Nông thôn,ĐH,6485.198558148088,high,0,0
24,18-24,Nam,Nam,Nông thôn,CĐ,1611.861444993713,low,0,0
27,25-29,Nữ,Bắc,Nông thôn,≤THPT,1732.5739682481928,low,0,0
33,30-35,Nữ,Bắc,Đô thị,ĐH,4339.370394568135,high,0,1
35,30-35,Nam,Bắc,Nông thôn,CĐ,8315.70724595686,high,1,1
19,18-24,Nam,Bắc,Nông thôn,CĐ,3693.3030760340316,mid,0,0
27,25-29,Nữ,Nam,Nông thôn,CĐ,2886.661320720513,mid,0,0
27,25-29,Nữ,Bắc,Nông thôn,ĐH,3881.2555239688977,mid,0,0
18,18-24,Nam,Nam,Nông thôn,CĐ,3847.436683061112,mid,0,0
22,18-24,Nữ,Bắc,Nông thôn,CĐ,1676.308909175041,low,0,0
31,30-35,Nam,Bắc,Đô thị,CĐ,5351.225088826188,high,0,0
22,18-24,Nam,Trung,Nông thôn,≤THPT,3074.9660600307548,mid,1,0
18,18-24,Nam,Nam,Nông thôn,CĐ,4243.624110767942,high,0,0
31,30-35,Nam,Nam,Đô thị,≤THPT,3155.5534654471976,mid,1,0
34,30-35,Nam,Nam,Nông thôn,ĐH,3502.6491122878506,mid,0,1
35,30-35,Nam,Nam,Đô thị,≤THPT,1907.85022514643,low,1,0
29,25-29,Nam,Bắc,Nông thôn,>ĐH,2497.2972824315275,mid,0,0
24,18-24,Nữ,Nam,Đô thị,CĐ,2718.8450586498434,mid,0,0
29,25-29,Nữ,Bắc,Nông thôn,≤THPT,3699.970752842596,mid,0,0
25,25-29,Nữ,Bắc,Đô thị,≤THPT,3189.4611588955495,mid,1,0
27,25-29,Nam,Bắc,Đô thị,ĐH,3001.306729143999,mid,0,0
33,30-35,Nam,Trung,Nông thôn,≤THPT,2961.1877891955914,mid,0,0
18,18-24,Nữ,Nam,Đô thị,≤THPT,7895.389731600776,high,0,0
33,30-35,Nam,Bắc,Đô thị,≤THPT,2665.4249978150683,mid,0,0
18,18-24,Nữ,Bắc,Đô thị,ĐH,2806.180699983877,mid,0,0
35,30-35,Nữ,Bắc,Nông thôn,ĐH,2118.325740439599,low,1,0
34,30-35,Nữ,Nam,Nông thôn,≤THPT,2283.9394824877886,low,1,0
29,25-29,Nam,Bắc,Nông thôn,ĐH,3144.6226238467516,mid,0,0
28,25-29,Nam,Bắc,Nông thôn,≤THPT,1470.2254403306447,low,0,0
18,18-24,Nam,Trung,Đô thị,CĐ,3529.999005953613,mid,0,0
34,30-35,Nữ,Bắc,Nông thôn,≤THPT,1164.945946016051,low,0,1
19,18-24,Nam,Nam,Nông thôn,>ĐH,7348.460907169733,high,0,0
26,25-29,Nữ,Bắc,Nông thôn,≤THPT,2897.8433904434496,mid,0,1
32,30-35,Nữ,Nam,Đô thị,≤THPT,6953.995018835199,high,0,0
29,25-29,Nữ,Nam,Nông thôn,≤THPT,1664.7570681562702,low,0,1
